Card Num,Card Cat,Card Num prev 1,Card Num prev 2,Card Num prev 3,Card Cat prev 1,Card Cat prev 2,Card Cat prev 3,Card Cat prev 4,Card Cat prev 5,Card Cat prev 6,Card Cat prev 7,Card Cat prev 8,Card Cat prev 9,Card Cat prev 10,prev 3 card,prev 4 card,prev 5 card,A occur,B occur,C occur,Target
13,C, , , , , , , , , , , , , , , , ,1,1,0,B
10,B,13.0, , ,C, , , , , , , , , , , , ,2,0,1,C
11,C,10.0,13.0, ,B,C, , , , , , , , ,CBC, , ,3,1,0,B
9,B,11.0,10.0,13.0,C,B,C, , , , , , , ,BCB,CBCB, ,4,0,1,B
7,B,9.0,11.0,10.0,B,C,B,C, , , , , , ,CBB,BCBB,CBCBB,5,0,2,B
7,B,7.0,9.0,11.0,B,B,C,B,C, , , , , ,BBB,CBBB,BCBBB,6,0,3,B
7,B,7.0,7.0,9.0,B,B,B,C,B,C, , , , ,BBB,BBBB,CBBBB,7,0,4,A
6,A,7.0,7.0,7.0,B,B,B,B,C,B,C, , , ,BBA,BBBA,BBBBA,0,1,5,A
2,A,6.0,7.0,7.0,A,B,B,B,B,C,B,C, , ,BAA,BBAA,BBBAA,0,2,6,A
6,A,2.0,6.0,7.0,A,A,B,B,B,B,C,B,C, ,AAA,BAAA,BBAAA,0,3,7,C
12,C,6.0,2.0,6.0,A,A,A,B,B,B,B,C,B,C,AAC,AAAC,BAAAC,1,4,0,A
4,A,12.0,6.0,2.0,C,A,A,A,B,B,B,B,C,B,ACA,AACA,AAACA,0,5,1,C
11,C,4.0,12.0,6.0,A,C,A,A,A,B,B,B,B,C,CAC,ACAC,AACAC,1,6,0,B
8,B,11.0,4.0,12.0,C,A,C,A,A,A,B,B,B,B,ACB,CACB,ACACB,2,0,1,A
3,A,8.0,11.0,4.0,B,C,A,C,A,A,A,B,B,B,CBA,ACBA,CACBA,0,1,2,C
12,C,3.0,8.0,11.0,A,B,C,A,C,A,A,A,B,B,BAC,CBAC,ACBAC,1,2,0,C
11,C,12.0,3.0,8.0,C,A,B,C,A,C,A,A,A,B,ACC,BACC,CBACC,2,3,0,C
12,C,11.0,12.0,3.0,C,C,A,B,C,A,C,A,A,A,CCC,ACCC,BACCC,3,4,0,A
1,A,12.0,11.0,12.0,C,C,C,A,B,C,A,C,A,A,CCA,CCCA,ACCCA,0,5,1,A
3,A,1.0,12.0,11.0,A,C,C,C,A,B,C,A,C,A,CAA,CCAA,CCCAA,0,6,2,B
9,B,3.0,1.0,12.0,A,A,C,C,C,A,B,C,A,C,AAB,CAAB,CCAAB,1,0,3,B
9,B,9.0,3.0,1.0,B,A,A,C,C,C,A,B,C,A,ABB,AABB,CAABB,2,0,4,A
2,A,9.0,9.0,3.0,B,B,A,A,C,C,C,A,B,C,BBA,ABBA,AABBA,0,1,5,B
10,B,2.0,9.0,9.0,A,B,B,A,A,C,C,C,A,B,BAB,BBAB,ABBAB,1,0,6,B
9,B,10.0,2.0,9.0,B,A,B,B,A,A,C,C,C,A,ABB,BABB,BBABB,2,0,7,C
12,C,9.0,10.0,2.0,B,B,A,B,B,A,A,C,C,C,BBC,ABBC,BABBC,3,1,0,A
5,A,12.0,9.0,10.0,C,B,B,A,B,B,A,A,C,C,BCA,BBCA,ABBCA,0,2,1,B
8,B,5.0,12.0,9.0,A,C,B,B,A,B,B,A,A,C,CAB,BCAB,BBCAB,1,0,2,B
9,B,8.0,5.0,12.0,B,A,C,B,B,A,B,B,A,A,ABB,CABB,BCABB,2,0,3,C
12,C,9.0,8.0,5.0,B,B,A,C,B,B,A,B,B,A,BBC,ABBC,CABBC,3,1,0,B
8,B,12.0,9.0,8.0,C,B,B,A,C,B,B,A,B,B,BCB,BBCB,ABBCB,4,0,1,C
13,C,8.0,12.0,9.0,B,C,B,B,A,C,B,B,A,B,CBC,BCBC,BBCBC,5,1,0,A
5,A,13.0,8.0,12.0,C,B,C,B,B,A,C,B,B,A,BCA,CBCA,BCBCA,0,2,1,A
2,A,5.0,13.0,8.0,A,C,B,C,B,B,A,C,B,B,CAA,BCAA,CBCAA,0,3,2,B
10,B,2.0,5.0,13.0,A,A,C,B,C,B,B,A,C,B,AAB,CAAB,BCAAB,1,0,3,A
1,A,10.0,2.0,5.0,B,A,A,C,B,C,B,B,A,C,ABA,AABA,CAABA,0,1,4,A
4,A,1.0,10.0,2.0,A,B,A,A,C,B,C,B,B,A,BAA,ABAA,AABAA,0,2,5,B
7,B,4.0,1.0,10.0,A,A,B,A,A,C,B,C,B,B,AAB,BAAB,ABAAB,1,0,6,C
13,C,7.0,4.0,1.0,B,A,A,B,A,A,C,B,C,B,ABC,AABC,BAABC,2,1,0,A
4,A,13.0,7.0,4.0,C,B,A,A,B,A,A,C,B,C,BCA,ABCA,AABCA,0,2,1,C
12,C,4.0,13.0,7.0,A,C,B,A,A,B,A,A,C,B,CAC,BCAC,ABCAC,1,3,0,B
9,B,12.0,4.0,13.0,C,A,C,B,A,A,B,A,A,C,ACB,CACB,BCACB,2,0,1,B
7,B,9.0,12.0,4.0,B,C,A,C,B,A,A,B,A,A,CBB,ACBB,CACBB,3,0,2,C
13,C,7.0,9.0,12.0,B,B,C,A,C,B,A,A,B,A,BBC,CBBC,ACBBC,4,1,0,A
4,A,13.0,7.0,9.0,C,B,B,C,A,C,B,A,A,B,BCA,BBCA,CBBCA,0,2,1,A
3,A,4.0,13.0,7.0,A,C,B,B,C,A,C,B,A,A,CAA,BCAA,BBCAA,0,3,2,A
6,A,3.0,4.0,13.0,A,A,C,B,B,C,A,C,B,A,AAA,CAAA,BCAAA,0,4,3,A
4,A,6.0,3.0,4.0,A,A,A,C,B,B,C,A,C,B,AAA,AAAA,CAAAA,0,5,4,A
2,A,4.0,6.0,3.0,A,A,A,A,C,B,B,C,A,C,AAA,AAAA,AAAAA,0,6,5,B
7,B,2.0,4.0,6.0,A,A,A,A,A,C,B,B,C,A,AAB,AAAB,AAAAB,1,0,6,B
7,B,7.0,2.0,4.0,B,A,A,A,A,A,C,B,B,C,ABB,AABB,AAABB,2,0,7,A
3,A,7.0,7.0,2.0,B,B,A,A,A,A,A,C,B,B,BBA,ABBA,AABBA,0,1,8,A
5,A,3.0,7.0,7.0,A,B,B,A,A,A,A,A,C,B,BAA,BBAA,ABBAA,0,2,9,C
11,C,5.0,3.0,7.0,A,A,B,B,A,A,A,A,A,C,AAC,BAAC,BBAAC,1,3,0,B
7,B,11.0,5.0,3.0,C,A,A,B,B,A,A,A,A,A,ACB,AACB,BAACB,2,0,1,B
10,B,7.0,11.0,5.0,B,C,A,A,B,B,A,A,A,A,CBB,ACBB,AACBB,3,0,2,A
6,A,10.0,7.0,11.0,B,B,C,A,A,B,B,A,A,A,BBA,CBBA,ACBBA,0,1,3,B
7,B,6.0,10.0,7.0,A,B,B,C,A,A,B,B,A,A,BAB,BBAB,CBBAB,1,0,4,A
4,A,7.0,6.0,10.0,B,A,B,B,C,A,A,B,B,A,ABA,BABA,BBABA,0,1,5,B
10,B,4.0,7.0,6.0,A,B,A,B,B,C,A,A,B,B,BAB,ABAB,BABAB,1,0,6,C
13,C,10.0,4.0,7.0,B,A,B,A,B,B,C,A,A,B,ABC,BABC,ABABC,2,1,0,A
1,A,13.0,10.0,4.0,C,B,A,B,A,B,B,C,A,A,BCA,ABCA,BABCA,0,2,1,A
3,A,1.0,13.0,10.0,A,C,B,A,B,A,B,B,C,A,CAA,BCAA,ABCAA,0,3,2,C
13,C,3.0,1.0,13.0,A,A,C,B,A,B,A,B,B,C,AAC,CAAC,BCAAC,1,4,0,C
11,C,13.0,3.0,1.0,C,A,A,C,B,A,B,A,B,B,ACC,AACC,CAACC,2,5,0,B
10,B,11.0,13.0,3.0,C,C,A,A,C,B,A,B,A,B,CCB,ACCB,AACCB,3,0,1,C
13,C,10.0,11.0,13.0,B,C,C,A,A,C,B,A,B,A,CBC,CCBC,ACCBC,4,1,0,A
6,A,13.0,10.0,11.0,C,B,C,C,A,A,C,B,A,B,BCA,CBCA,CCBCA,0,2,1,A
6,A,6.0,13.0,10.0,A,C,B,C,C,A,A,C,B,A,CAA,BCAA,CBCAA,0,3,2,A
4,A,6.0,6.0,13.0,A,A,C,B,C,C,A,A,C,B,AAA,CAAA,BCAAA,0,4,3,B
7,B,4.0,6.0,6.0,A,A,A,C,B,C,C,A,A,C,AAB,AAAB,CAAAB,1,0,4,B
10,B,7.0,4.0,6.0,B,A,A,A,C,B,C,C,A,A,ABB,AABB,AAABB,2,0,5,C
11,C,10.0,7.0,4.0,B,B,A,A,A,C,B,C,C,A,BBC,ABBC,AABBC,3,1,0,B
7,B,11.0,10.0,7.0,C,B,B,A,A,A,C,B,C,C,BCB,BBCB,ABBCB,4,0,1,A
4,A,7.0,11.0,10.0,B,C,B,B,A,A,A,C,B,C,CBA,BCBA,BBCBA,0,1,2,A
3,A,4.0,7.0,11.0,A,B,C,B,B,A,A,A,C,B,BAA,CBAA,BCBAA,0,2,3,C
13,C,3.0,4.0,7.0,A,A,B,C,B,B,A,A,A,C,AAC,BAAC,CBAAC,1,3,0,C
11,C,13.0,3.0,4.0,C,A,A,B,C,B,B,A,A,A,ACC,AACC,BAACC,2,4,0,C
11,C,11.0,13.0,3.0,C,C,A,A,B,C,B,B,A,A,CCC,ACCC,AACCC,3,5,0,A
2,A,11.0,11.0,13.0,C,C,C,A,A,B,C,B,B,A,CCA,CCCA,ACCCA,0,6,1,A
5,A,2.0,11.0,11.0,A,C,C,C,A,A,B,C,B,B,CAA,CCAA,CCCAA,0,7,2,A
3,A,5.0,2.0,11.0,A,A,C,C,C,A,A,B,C,B,AAA,CAAA,CCAAA,0,8,3,B
10,B,3.0,5.0,2.0,A,A,A,C,C,C,A,A,B,C,AAB,AAAB,CAAAB,1,0,4,A
2,A,10.0,3.0,5.0,B,A,A,A,C,C,C,A,A,B,ABA,AABA,AAABA,0,1,5,A
5,A,2.0,10.0,3.0,A,B,A,A,A,C,C,C,A,A,BAA,ABAA,AABAA,0,2,6,C
12,C,5.0,2.0,10.0,A,A,B,A,A,A,C,C,C,A,AAC,BAAC,ABAAC,1,3,0,C
12,C,12.0,5.0,2.0,C,A,A,B,A,A,A,C,C,C,ACC,AACC,BAACC,2,4,0,B
10,B,12.0,12.0,5.0,C,C,A,A,B,A,A,A,C,C,CCB,ACCB,AACCB,3,0,1,A
3,A,10.0,12.0,12.0,B,C,C,A,A,B,A,A,A,C,CBA,CCBA,ACCBA,0,1,2,B
9,B,3.0,10.0,12.0,A,B,C,C,A,A,B,A,A,A,BAB,CBAB,CCBAB,1,0,3,C
13,C,9.0,3.0,10.0,B,A,B,C,C,A,A,B,A,A,ABC,BABC,CBABC,2,1,0,C
12,C,13.0,9.0,3.0,C,B,A,B,C,C,A,A,B,A,BCC,ABCC,BABCC,3,2,0,A
2,A,12.0,13.0,9.0,C,C,B,A,B,C,C,A,A,B,CCA,BCCA,ABCCA,0,3,1,C
11,C,2.0,12.0,13.0,A,C,C,B,A,B,C,C,A,A,CAC,CCAC,BCCAC,1,4,0,B
7,B,11.0,2.0,12.0,C,A,C,C,B,A,B,C,C,A,ACB,CACB,CCACB,2,0,1,A
1,A,7.0,11.0,2.0,B,C,A,C,C,B,A,B,C,C,CBA,ACBA,CACBA,0,1,2,A
3,A,1.0,7.0,11.0,A,B,C,A,C,C,B,A,B,C,BAA,CBAA,ACBAA,0,2,3,A
4,A,3.0,1.0,7.0,A,A,B,C,A,C,C,B,A,B,AAA,BAAA,CBAAA,0,3,4,A
5,A,4.0,3.0,1.0,A,A,A,B,C,A,C,C,B,A,AAA,AAAA,BAAAA,0,4,5,B
10,B,5.0,4.0,3.0,A,A,A,A,B,C,A,C,C,B,AAB,AAAB,AAAAB,1,0,6,A
2,A,10.0,5.0,4.0,B,A,A,A,A,B,C,A,C,C,ABA,AABA,AAABA,0,1,7,A
5,A,2.0,10.0,5.0,A,B,A,A,A,A,B,C,A,C,BAA,ABAA,AABAA,0,2,8,B
7,B,5.0,2.0,10.0,A,A,B,A,A,A,A,B,C,A,AAB,BAAB,ABAAB,1,0,9,C
12,C,7.0,5.0,2.0,B,A,A,B,A,A,A,A,B,C,ABC,AABC,BAABC,2,1,0,A
4,A,12.0,7.0,5.0,C,B,A,A,B,A,A,A,A,B,BCA,ABCA,AABCA,0,2,1,A
6,A,4.0,12.0,7.0,A,C,B,A,A,B,A,A,A,A,CAA,BCAA,ABCAA,0,3,2,A
2,A,6.0,4.0,12.0,A,A,C,B,A,A,B,A,A,A,AAA,CAAA,BCAAA,0,4,3,B
8,B,2.0,6.0,4.0,A,A,A,C,B,A,A,B,A,A,AAB,AAAB,CAAAB,1,0,4,C
12,C,8.0,2.0,6.0,B,A,A,A,C,B,A,A,B,A,ABC,AABC,AAABC,2,1,0,C
11,C,12.0,8.0,2.0,C,B,A,A,A,C,B,A,A,B,BCC,ABCC,AABCC,3,2,0,B
7,B,11.0,12.0,8.0,C,C,B,A,A,A,C,B,A,A,CCB,BCCB,ABCCB,4,0,1,B
10,B,7.0,11.0,12.0,B,C,C,B,A,A,A,C,B,A,CBB,CCBB,BCCBB,5,0,2,B
7,B,10.0,7.0,11.0,B,B,C,C,B,A,A,A,C,B,BBB,CBBB,CCBBB,6,0,3,A
6,A,7.0,10.0,7.0,B,B,B,C,C,B,A,A,A,C,BBA,BBBA,CBBBA,0,1,4,A
3,A,6.0,7.0,10.0,A,B,B,B,C,C,B,A,A,A,BAA,BBAA,BBBAA,0,2,5,A
2,A,3.0,6.0,7.0,A,A,B,B,B,C,C,B,A,A,AAA,BAAA,BBAAA,0,3,6,A
3,A,2.0,3.0,6.0,A,A,A,B,B,B,C,C,B,A,AAA,AAAA,BAAAA,0,4,7,C
12,C,3.0,2.0,3.0,A,A,A,A,B,B,B,C,C,B,AAC,AAAC,AAAAC,1,5,0,A
6,A,12.0,3.0,2.0,C,A,A,A,A,B,B,B,C,C,ACA,AACA,AAACA,0,6,1,C
11,C,6.0,12.0,3.0,A,C,A,A,A,A,B,B,B,C,CAC,ACAC,AACAC,1,7,0,B
9,B,11.0,6.0,12.0,C,A,C,A,A,A,A,B,B,B,ACB,CACB,ACACB,2,0,1,C
11,C,9.0,11.0,6.0,B,C,A,C,A,A,A,A,B,B,CBC,ACBC,CACBC,3,1,0,A
4,A,11.0,9.0,11.0,C,B,C,A,C,A,A,A,A,B,BCA,CBCA,ACBCA,0,2,1,B
9,B,4.0,11.0,9.0,A,C,B,C,A,C,A,A,A,A,CAB,BCAB,CBCAB,1,0,2,C
12,C,9.0,4.0,11.0,B,A,C,B,C,A,C,A,A,A,ABC,CABC,BCABC,2,1,0,B
7,B,12.0,9.0,4.0,C,B,A,C,B,C,A,C,A,A,BCB,ABCB,CABCB,3,0,1,B
8,B,7.0,12.0,9.0,B,C,B,A,C,B,C,A,C,A,CBB,BCBB,ABCBB,4,0,2,B
10,B,8.0,7.0,12.0,B,B,C,B,A,C,B,C,A,C,BBB,CBBB,BCBBB,5,0,3,A
2,A,10.0,8.0,7.0,B,B,B,C,B,A,C,B,C,A,BBA,BBBA,CBBBA,0,1,4,B
10,B,2.0,10.0,8.0,A,B,B,B,C,B,A,C,B,C,BAB,BBAB,BBBAB,1,0,5,A
3,A,10.0,2.0,10.0,B,A,B,B,B,C,B,A,C,B,ABA,BABA,BBABA,0,1,6,B
8,B,3.0,10.0,2.0,A,B,A,B,B,B,C,B,A,C,BAB,ABAB,BABAB,1,0,7,A
1,A,8.0,3.0,10.0,B,A,B,A,B,B,B,C,B,A,ABA,BABA,ABABA,0,1,8,A
3,A,1.0,8.0,3.0,A,B,A,B,A,B,B,B,C,B,BAA,ABAA,BABAA,0,2,9,A
5,A,3.0,1.0,8.0,A,A,B,A,B,A,B,B,B,C,AAA,BAAA,ABAAA,0,3,10,C
12,C,5.0,3.0,1.0,A,A,A,B,A,B,A,B,B,B,AAC,AAAC,BAAAC,1,4,0,A
4,A,12.0,5.0,3.0,C,A,A,A,B,A,B,A,B,B,ACA,AACA,AAACA,0,5,1,B
9,B,4.0,12.0,5.0,A,C,A,A,A,B,A,B,A,B,CAB,ACAB,AACAB,1,0,2,C
11,C,9.0,4.0,12.0,B,A,C,A,A,A,B,A,B,A,ABC,CABC,ACABC,2,1,0,A
5,A,11.0,9.0,4.0,C,B,A,C,A,A,A,B,A,B,BCA,ABCA,CABCA,0,2,1,C
13,C,5.0,11.0,9.0,A,C,B,A,C,A,A,A,B,A,CAC,BCAC,ABCAC,1,3,0,C
13,C,13.0,5.0,11.0,C,A,C,B,A,C,A,A,A,B,ACC,CACC,BCACC,2,4,0,B
9,B,13.0,13.0,5.0,C,C,A,C,B,A,C,A,A,A,CCB,ACCB,CACCB,3,0,1,A
2,A,9.0,13.0,13.0,B,C,C,A,C,B,A,C,A,A,CBA,CCBA,ACCBA,0,1,2,B
10,B,2.0,9.0,13.0,A,B,C,C,A,C,B,A,C,A,BAB,CBAB,CCBAB,1,0,3,C
13,C,10.0,2.0,9.0,B,A,B,C,C,A,C,B,A,C,ABC,BABC,CBABC,2,1,0,C
12,C,13.0,10.0,2.0,C,B,A,B,C,C,A,C,B,A,BCC,ABCC,BABCC,3,2,0,C
12,C,12.0,13.0,10.0,C,C,B,A,B,C,C,A,C,B,CCC,BCCC,ABCCC,4,3,0,B
8,B,12.0,12.0,13.0,C,C,C,B,A,B,C,C,A,C,CCB,CCCB,BCCCB,5,0,1,A
2,A,8.0,12.0,12.0,B,C,C,C,B,A,B,C,C,A,CBA,CCBA,CCCBA,0,1,2,A
3,A,2.0,8.0,12.0,A,B,C,C,C,B,A,B,C,C,BAA,CBAA,CCBAA,0,2,3,A
6,A,3.0,2.0,8.0,A,A,B,C,C,C,B,A,B,C,AAA,BAAA,CBAAA,0,3,4,C
11,C,6.0,3.0,2.0,A,A,A,B,C,C,C,B,A,B,AAC,AAAC,BAAAC,1,4,0,C
12,C,11.0,6.0,3.0,C,A,A,A,B,C,C,C,B,A,ACC,AACC,AAACC,2,5,0,A
4,A,12.0,11.0,6.0,C,C,A,A,A,B,C,C,C,B,CCA,ACCA,AACCA,0,6,1,A
5,A,4.0,12.0,11.0,A,C,C,A,A,A,B,C,C,C,CAA,CCAA,ACCAA,0,7,2,C
13,C,5.0,4.0,12.0,A,A,C,C,A,A,A,B,C,C,AAC,CAAC,CCAAC,1,8,0,B
10,B,13.0,5.0,4.0,C,A,A,C,C,A,A,A,B,C,ACB,AACB,CAACB,2,0,1,A
6,A,10.0,13.0,5.0,B,C,A,A,C,C,A,A,A,B,CBA,ACBA,AACBA,0,1,2,C
13,C,6.0,10.0,13.0,A,B,C,A,A,C,C,A,A,A,BAC,CBAC,ACBAC,1,2,0,A
1,A,13.0,6.0,10.0,C,A,B,C,A,A,C,C,A,A,ACA,BACA,CBACA,0,3,1,C
13,C,1.0,13.0,6.0,A,C,A,B,C,A,A,C,C,A,CAC,ACAC,BACAC,1,4,0,A
4,A,13.0,1.0,13.0,C,A,C,A,B,C,A,A,C,C,ACA,CACA,ACACA,0,5,1,B
7,B,4.0,13.0,1.0,A,C,A,C,A,B,C,A,A,C,CAB,ACAB,CACAB,1,0,2,B
10,B,7.0,4.0,13.0,B,A,C,A,C,A,B,C,A,A,ABB,CABB,ACABB,2,0,3,A
2,A,10.0,7.0,4.0,B,B,A,C,A,C,A,B,C,A,BBA,ABBA,CABBA,0,1,4,A
6,A,2.0,10.0,7.0,A,B,B,A,C,A,C,A,B,C,BAA,BBAA,ABBAA,0,2,5,A
6,A,6.0,2.0,10.0,A,A,B,B,A,C,A,C,A,B,AAA,BAAA,BBAAA,0,3,6,A
1,A,6.0,6.0,2.0,A,A,A,B,B,A,C,A,C,A,AAA,AAAA,BAAAA,0,4,7,A
1,A,1.0,6.0,6.0,A,A,A,A,B,B,A,C,A,C,AAA,AAAA,AAAAA,0,5,8,A
1,A,1.0,1.0,6.0,A,A,A,A,A,B,B,A,C,A,AAA,AAAA,AAAAA,0,6,9,B
7,B,1.0,1.0,1.0,A,A,A,A,A,A,B,B,A,C,AAB,AAAB,AAAAB,1,0,10,B
10,B,7.0,1.0,1.0,B,A,A,A,A,A,A,B,B,A,ABB,AABB,AAABB,2,0,11,B
8,B,10.0,7.0,1.0,B,B,A,A,A,A,A,A,B,B,BBB,ABBB,AABBB,3,0,12,B
10,B,8.0,10.0,7.0,B,B,B,A,A,A,A,A,A,B,BBB,BBBB,ABBBB,4,0,13,B
8,B,10.0,8.0,10.0,B,B,B,B,A,A,A,A,A,A,BBB,BBBB,BBBBB,5,0,14,A
2,A,8.0,10.0,8.0,B,B,B,B,B,A,A,A,A,A,BBA,BBBA,BBBBA,0,1,15,A
5,A,2.0,8.0,10.0,A,B,B,B,B,B,A,A,A,A,BAA,BBAA,BBBAA,0,2,16,C
12,C,5.0,2.0,8.0,A,A,B,B,B,B,B,A,A,A,AAC,BAAC,BBAAC,1,3,0,C
11,C,12.0,5.0,2.0,C,A,A,B,B,B,B,B,A,A,ACC,AACC,BAACC,2,4,0,C
12,C,11.0,12.0,5.0,C,C,A,A,B,B,B,B,B,A,CCC,ACCC,AACCC,3,5,0,B
7,B,12.0,11.0,12.0,C,C,C,A,A,B,B,B,B,B,CCB,CCCB,ACCCB,4,0,1,A
5,A,7.0,12.0,11.0,B,C,C,C,A,A,B,B,B,B,CBA,CCBA,CCCBA,0,1,2,A
2,A,5.0,7.0,12.0,A,B,C,C,C,A,A,B,B,B,BAA,CBAA,CCBAA,0,2,3,C
13,C,2.0,5.0,7.0,A,A,B,C,C,C,A,A,B,B,AAC,BAAC,CBAAC,1,3,0,C
12,C,13.0,2.0,5.0,C,A,A,B,C,C,C,A,A,B,ACC,AACC,BAACC,2,4,0,A
1,A,12.0,13.0,2.0,C,C,A,A,B,C,C,C,A,A,CCA,ACCA,AACCA,0,5,1,B
10,B,1.0,12.0,13.0,A,C,C,A,A,B,C,C,C,A,CAB,CCAB,ACCAB,1,0,2,A
6,A,10.0,1.0,12.0,B,A,C,C,A,A,B,C,C,C,ABA,CABA,CCABA,0,1,3,A
6,A,6.0,10.0,1.0,A,B,A,C,C,A,A,B,C,C,BAA,ABAA,CABAA,0,2,4,A
3,A,6.0,6.0,10.0,A,A,B,A,C,C,A,A,B,C,AAA,BAAA,ABAAA,0,3,5,A
4,A,3.0,6.0,6.0,A,A,A,B,A,C,C,A,A,B,AAA,AAAA,BAAAA,0,4,6,A
4,A,4.0,3.0,6.0,A,A,A,A,B,A,C,C,A,A,AAA,AAAA,AAAAA,0,5,7,B
9,B,4.0,4.0,3.0,A,A,A,A,A,B,A,C,C,A,AAB,AAAB,AAAAB,1,0,8,C
12,C,9.0,4.0,4.0,B,A,A,A,A,A,B,A,C,C,ABC,AABC,AAABC,2,1,0,C
11,C,12.0,9.0,4.0,C,B,A,A,A,A,A,B,A,C,BCC,ABCC,AABCC,3,2,0,B
7,B,11.0,12.0,9.0,C,C,B,A,A,A,A,A,B,A,CCB,BCCB,ABCCB,4,0,1,A
5,A,7.0,11.0,12.0,B,C,C,B,A,A,A,A,A,B,CBA,CCBA,BCCBA,0,1,2,A
2,A,5.0,7.0,11.0,A,B,C,C,B,A,A,A,A,A,BAA,CBAA,CCBAA,0,2,3,C
13,C,2.0,5.0,7.0,A,A,B,C,C,B,A,A,A,A,AAC,BAAC,CBAAC,1,3,0,A
5,A,13.0,2.0,5.0,C,A,A,B,C,C,B,A,A,A,ACA,AACA,BAACA,0,4,1,A
6,A,5.0,13.0,2.0,A,C,A,A,B,C,C,B,A,A,CAA,ACAA,AACAA,0,5,2,B
9,B,6.0,5.0,13.0,A,A,C,A,A,B,C,C,B,A,AAB,CAAB,ACAAB,1,0,3,A
6,A,9.0,6.0,5.0,B,A,A,C,A,A,B,C,C,B,ABA,AABA,CAABA,0,1,4,C
13,C,6.0,9.0,6.0,A,B,A,A,C,A,A,B,C,C,BAC,ABAC,AABAC,1,2,0,C
12,C,13.0,6.0,9.0,C,A,B,A,A,C,A,A,B,C,ACC,BACC,ABACC,2,3,0,B
7,B,12.0,13.0,6.0,C,C,A,B,A,A,C,A,A,B,CCB,ACCB,BACCB,3,0,1,C
13,C,7.0,12.0,13.0,B,C,C,A,B,A,A,C,A,A,CBC,CCBC,ACCBC,4,1,0,C
12,C,13.0,7.0,12.0,C,B,C,C,A,B,A,A,C,A,BCC,CBCC,CCBCC,5,2,0,C
12,C,12.0,13.0,7.0,C,C,B,C,C,A,B,A,A,C,CCC,BCCC,CBCCC,6,3,0,B
8,B,12.0,12.0,13.0,C,C,C,B,C,C,A,B,A,A,CCB,CCCB,BCCCB,7,0,1,A
4,A,8.0,12.0,12.0,B,C,C,C,B,C,C,A,B,A,CBA,CCBA,CCCBA,0,1,2,A
6,A,4.0,8.0,12.0,A,B,C,C,C,B,C,C,A,B,BAA,CBAA,CCBAA,0,2,3,B
8,B,6.0,4.0,8.0,A,A,B,C,C,C,B,C,C,A,AAB,BAAB,CBAAB,1,0,4,B
7,B,8.0,6.0,4.0,B,A,A,B,C,C,C,B,C,C,ABB,AABB,BAABB,2,0,5,A
5,A,7.0,8.0,6.0,B,B,A,A,B,C,C,C,B,C,BBA,ABBA,AABBA,0,1,6,B
9,B,5.0,7.0,8.0,A,B,B,A,A,B,C,C,C,B,BAB,BBAB,ABBAB,1,0,7,A
1,A,9.0,5.0,7.0,B,A,B,B,A,A,B,C,C,C,ABA,BABA,BBABA,0,1,8,B
7,B,1.0,9.0,5.0,A,B,A,B,B,A,A,B,C,C,BAB,ABAB,BABAB,1,0,9,A
5,A,7.0,1.0,9.0,B,A,B,A,B,B,A,A,B,C,ABA,BABA,ABABA,0,1,10,A
4,A,5.0,7.0,1.0,A,B,A,B,A,B,B,A,A,B,BAA,ABAA,BABAA,0,2,11,B
8,B,4.0,5.0,7.0,A,A,B,A,B,A,B,B,A,A,AAB,BAAB,ABAAB,1,0,12,B
9,B,8.0,4.0,5.0,B,A,A,B,A,B,A,B,B,A,ABB,AABB,BAABB,2,0,13,B
8,B,9.0,8.0,4.0,B,B,A,A,B,A,B,A,B,B,BBB,ABBB,AABBB,3,0,14,A
5,A,8.0,9.0,8.0,B,B,B,A,A,B,A,B,A,B,BBA,BBBA,ABBBA,0,1,15,B
8,B,5.0,8.0,9.0,A,B,B,B,A,A,B,A,B,A,BAB,BBAB,BBBAB,1,0,16,A
5,A,8.0,5.0,8.0,B,A,B,B,B,A,A,B,A,B,ABA,BABA,BBABA,0,1,17,A
2,A,5.0,8.0,5.0,A,B,A,B,B,B,A,A,B,A,BAA,ABAA,BABAA,0,2,18,C
11,C,2.0,5.0,8.0,A,A,B,A,B,B,B,A,A,B,AAC,BAAC,ABAAC,1,3,0,A
1,A,11.0,2.0,5.0,C,A,A,B,A,B,B,B,A,A,ACA,AACA,BAACA,0,4,1,A
1,A,1.0,11.0,2.0,A,C,A,A,B,A,B,B,B,A,CAA,ACAA,AACAA,0,5,2,A
3,A,1.0,1.0,11.0,A,A,C,A,A,B,A,B,B,B,AAA,CAAA,ACAAA,0,6,3,C
13,C,3.0,1.0,1.0,A,A,A,C,A,A,B,A,B,B,AAC,AAAC,CAAAC,1,7,0,A
5,A,13.0,3.0,1.0,C,A,A,A,C,A,A,B,A,B,ACA,AACA,AAACA,0,8,1,C
12,C,5.0,13.0,3.0,A,C,A,A,A,C,A,A,B,A,CAC,ACAC,AACAC,1,9,0,B
9,B,12.0,5.0,13.0,C,A,C,A,A,A,C,A,A,B,ACB,CACB,ACACB,2,0,1,A
4,A,9.0,12.0,5.0,B,C,A,C,A,A,A,C,A,A,CBA,ACBA,CACBA,0,1,2,A
1,A,4.0,9.0,12.0,A,B,C,A,C,A,A,A,C,A,BAA,CBAA,ACBAA,0,2,3,C
13,C,1.0,4.0,9.0,A,A,B,C,A,C,A,A,A,C,AAC,BAAC,CBAAC,1,3,0,A
3,A,13.0,1.0,4.0,C,A,A,B,C,A,C,A,A,A,ACA,AACA,BAACA,0,4,1,A
3,A,3.0,13.0,1.0,A,C,A,A,B,C,A,C,A,A,CAA,ACAA,AACAA,0,5,2,A
1,A,3.0,3.0,13.0,A,A,C,A,A,B,C,A,C,A,AAA,CAAA,ACAAA,0,6,3,A
4,A,1.0,3.0,3.0,A,A,A,C,A,A,B,C,A,C,AAA,AAAA,CAAAA,0,7,4,B
7,B,4.0,1.0,3.0,A,A,A,A,C,A,A,B,C,A,AAB,AAAB,AAAAB,1,0,5,C
13,C,7.0,4.0,1.0,B,A,A,A,A,C,A,A,B,C,ABC,AABC,AAABC,2,1,0,B
7,B,13.0,7.0,4.0,C,B,A,A,A,A,C,A,A,B,BCB,ABCB,AABCB,3,0,1,B
9,B,7.0,13.0,7.0,B,C,B,A,A,A,A,C,A,A,CBB,BCBB,ABCBB,4,0,2,B
10,B,9.0,7.0,13.0,B,B,C,B,A,A,A,A,C,A,BBB,CBBB,BCBBB,5,0,3,A
1,A,10.0,9.0,7.0,B,B,B,C,B,A,A,A,A,C,BBA,BBBA,CBBBA,0,1,4,C
11,C,1.0,10.0,9.0,A,B,B,B,C,B,A,A,A,A,BAC,BBAC,BBBAC,1,2,0,B
10,B,11.0,1.0,10.0,C,A,B,B,B,C,B,A,A,A,ACB,BACB,BBACB,2,0,1,A
1,A,10.0,11.0,1.0,B,C,A,B,B,B,C,B,A,A,CBA,ACBA,BACBA,0,1,2,B
9,B,1.0,10.0,11.0,A,B,C,A,B,B,B,C,B,A,BAB,CBAB,ACBAB,1,0,3,A
2,A,9.0,1.0,10.0,B,A,B,C,A,B,B,B,C,B,ABA,BABA,CBABA,0,1,4,B
7,B,2.0,9.0,1.0,A,B,A,B,C,A,B,B,B,C,BAB,ABAB,BABAB,1,0,5,B
8,B,7.0,2.0,9.0,B,A,B,A,B,C,A,B,B,B,ABB,BABB,ABABB,2,0,6,C
13,C,8.0,7.0,2.0,B,B,A,B,A,B,C,A,B,B,BBC,ABBC,BABBC,3,1,0,A
3,A,13.0,8.0,7.0,C,B,B,A,B,A,B,C,A,B,BCA,BBCA,ABBCA,0,2,1,A
3,A,3.0,13.0,8.0,A,C,B,B,A,B,A,B,C,A,CAA,BCAA,BBCAA,0,3,2,A
4,A,3.0,3.0,13.0,A,A,C,B,B,A,B,A,B,C,AAA,CAAA,BCAAA,0,4,3,B
10,B,4.0,3.0,3.0,A,A,A,C,B,B,A,B,A,B,AAB,AAAB,CAAAB,1,0,4,B
7,B,10.0,4.0,3.0,B,A,A,A,C,B,B,A,B,A,ABB,AABB,AAABB,2,0,5,B
9,B,7.0,10.0,4.0,B,B,A,A,A,C,B,B,A,B,BBB,ABBB,AABBB,3,0,6,B
8,B,9.0,7.0,10.0,B,B,B,A,A,A,C,B,B,A,BBB,BBBB,ABBBB,4,0,7,C
11,C,8.0,9.0,7.0,B,B,B,B,A,A,A,C,B,B,BBC,BBBC,BBBBC,5,1,0,A
3,A,11.0,8.0,9.0,C,B,B,B,B,A,A,A,C,B,BCA,BBCA,BBBCA,0,2,1,A
1,A,3.0,11.0,8.0,A,C,B,B,B,B,A,A,A,C,CAA,BCAA,BBCAA,0,3,2,B
8,B,1.0,3.0,11.0,A,A,C,B,B,B,B,A,A,A,AAB,CAAB,BCAAB,1,0,3,B
9,B,8.0,1.0,3.0,B,A,A,C,B,B,B,B,A,A,ABB,AABB,CAABB,2,0,4,A
1,A,9.0,8.0,1.0,B,B,A,A,C,B,B,B,B,A,BBA,ABBA,AABBA,0,1,5,B
8,B,1.0,9.0,8.0,A,B,B,A,A,C,B,B,B,B,BAB,BBAB,ABBAB,1,0,6,A
6,A,8.0,1.0,9.0,B,A,B,B,A,A,C,B,B,B,ABA,BABA,BBABA,0,1,7,A
5,A,6.0,8.0,1.0,A,B,A,B,B,A,A,C,B,B,BAA,ABAA,BABAA,0,2,8,A
4,A,5.0,6.0,8.0,A,A,B,A,B,B,A,A,C,B,AAA,BAAA,ABAAA,0,3,9,A
3,A,4.0,5.0,6.0,A,A,A,B,A,B,B,A,A,C,AAA,AAAA,BAAAA,0,4,10,C
11,C,3.0,4.0,5.0,A,A,A,A,B,A,B,B,A,A,AAC,AAAC,AAAAC,1,5,0,A
1,A,11.0,3.0,4.0,C,A,A,A,A,B,A,B,B,A,ACA,AACA,AAACA,0,6,1,A
5,A,1.0,11.0,3.0,A,C,A,A,A,A,B,A,B,B,CAA,ACAA,AACAA,0,7,2,B
8,B,5.0,1.0,11.0,A,A,C,A,A,A,A,B,A,B,AAB,CAAB,ACAAB,1,0,3,A
5,A,8.0,5.0,1.0,B,A,A,C,A,A,A,A,B,A,ABA,AABA,CAABA,0,1,4,A
2,A,5.0,8.0,5.0,A,B,A,A,C,A,A,A,A,B,BAA,ABAA,AABAA,0,2,5,B
10,B,2.0,5.0,8.0,A,A,B,A,A,C,A,A,A,A,AAB,BAAB,ABAAB,1,0,6,C
11,C,10.0,2.0,5.0,B,A,A,B,A,A,C,A,A,A,ABC,AABC,BAABC,2,1,0,A
4,A,11.0,10.0,2.0,C,B,A,A,B,A,A,C,A,A,BCA,ABCA,AABCA,0,2,1,A
6,A,4.0,11.0,10.0,A,C,B,A,A,B,A,A,C,A,CAA,BCAA,ABCAA,0,3,2,B
10,B,6.0,4.0,11.0,A,A,C,B,A,A,B,A,A,C,AAB,CAAB,BCAAB,1,0,3,A
5,A,10.0,6.0,4.0,B,A,A,C,B,A,A,B,A,A,ABA,AABA,CAABA,0,1,4,A
3,A,5.0,10.0,6.0,A,B,A,A,C,B,A,A,B,A,BAA,ABAA,AABAA,0,2,5,B
7,B,3.0,5.0,10.0,A,A,B,A,A,C,B,A,A,B,AAB,BAAB,ABAAB,1,0,6,A
6,A,7.0,3.0,5.0,B,A,A,B,A,A,C,B,A,A,ABA,AABA,BAABA,0,1,7,C
11,C,6.0,7.0,3.0,A,B,A,A,B,A,A,C,B,A,BAC,ABAC,AABAC,1,2,0,B
9,B,11.0,6.0,7.0,C,A,B,A,A,B,A,A,C,B,ACB,BACB,ABACB,2,0,1,A
4,A,9.0,11.0,6.0,B,C,A,B,A,A,B,A,A,C,CBA,ACBA,BACBA,0,1,2,A
4,A,4.0,9.0,11.0,A,B,C,A,B,A,A,B,A,A,BAA,CBAA,ACBAA,0,2,3,A
5,A,4.0,4.0,9.0,A,A,B,C,A,B,A,A,B,A,AAA,BAAA,CBAAA,0,3,4,A
4,A,5.0,4.0,4.0,A,A,A,B,C,A,B,A,A,B,AAA,AAAA,BAAAA,0,4,5,B
9,B,4.0,5.0,4.0,A,A,A,A,B,C,A,B,A,A,AAB,AAAB,AAAAB,1,0,6,A
3,A,9.0,4.0,5.0,B,A,A,A,A,B,C,A,B,A,ABA,AABA,AAABA,0,1,7,A
2,A,3.0,9.0,4.0,A,B,A,A,A,A,B,C,A,B,BAA,ABAA,AABAA,0,2,8,A
2,A,2.0,3.0,9.0,A,A,B,A,A,A,A,B,C,A,AAA,BAAA,ABAAA,0,3,9,A
1,A,2.0,2.0,3.0,A,A,A,B,A,A,A,A,B,C,AAA,AAAA,BAAAA,0,4,10,B
10,B,1.0,2.0,2.0,A,A,A,A,B,A,A,A,A,B,AAB,AAAB,AAAAB,1,0,11,A
4,A,10.0,1.0,2.0,B,A,A,A,A,B,A,A,A,A,ABA,AABA,AAABA,0,1,12,B
7,B,4.0,10.0,1.0,A,B,A,A,A,A,B,A,A,A,BAB,ABAB,AABAB,1,0,13,A
6,A,7.0,4.0,10.0,B,A,B,A,A,A,A,B,A,A,ABA,BABA,ABABA,0,1,14,C
13,C,6.0,7.0,4.0,A,B,A,B,A,A,A,A,B,A,BAC,ABAC,BABAC,1,2,0,A
1,A,13.0,6.0,7.0,C,A,B,A,B,A,A,A,A,B,ACA,BACA,ABACA,0,3,1,B
8,B,1.0,13.0,6.0,A,C,A,B,A,B,A,A,A,A,CAB,ACAB,BACAB,1,0,2,A
1,A,8.0,1.0,13.0,B,A,C,A,B,A,B,A,A,A,ABA,CABA,ACABA,0,1,3,C
11,C,1.0,8.0,1.0,A,B,A,C,A,B,A,B,A,A,BAC,ABAC,CABAC,1,2,0,A
1,A,11.0,1.0,8.0,C,A,B,A,C,A,B,A,B,A,ACA,BACA,ABACA,0,3,1,A
6,A,1.0,11.0,1.0,A,C,A,B,A,C,A,B,A,B,CAA,ACAA,BACAA,0,4,2,A
1,A,6.0,1.0,11.0,A,A,C,A,B,A,C,A,B,A,AAA,CAAA,ACAAA,0,5,3,C
11,C,1.0,6.0,1.0,A,A,A,C,A,B,A,C,A,B,AAC,AAAC,CAAAC,1,6,0,A
3,A,11.0,1.0,6.0,C,A,A,A,C,A,B,A,C,A,ACA,AACA,AAACA,0,7,1,A
6,A,3.0,11.0,1.0,A,C,A,A,A,C,A,B,A,C,CAA,ACAA,AACAA,0,8,2,B
8,B,6.0,3.0,11.0,A,A,C,A,A,A,C,A,B,A,AAB,CAAB,ACAAB,1,0,3,A
1,A,8.0,6.0,3.0,B,A,A,C,A,A,A,C,A,B,ABA,AABA,CAABA,0,1,4,B
9,B,1.0,8.0,6.0,A,B,A,A,C,A,A,A,C,A,BAB,ABAB,AABAB,1,0,5,A
2,A,9.0,1.0,8.0,B,A,B,A,A,C,A,A,A,C,ABA,BABA,ABABA,0,1,6,B
10,B,2.0,9.0,1.0,A,B,A,B,A,A,C,A,A,A,BAB,ABAB,BABAB,1,0,7,C
13,C,10.0,2.0,9.0,B,A,B,A,B,A,A,C,A,A,ABC,BABC,ABABC,2,1,0,A
4,A,13.0,10.0,2.0,C,B,A,B,A,B,A,A,C,A,BCA,ABCA,BABCA,0,2,1,C
11,C,4.0,13.0,10.0,A,C,B,A,B,A,B,A,A,C,CAC,BCAC,ABCAC,1,3,0,B
7,B,11.0,4.0,13.0,C,A,C,B,A,B,A,B,A,A,ACB,CACB,BCACB,2,0,1,C
11,C,7.0,11.0,4.0,B,C,A,C,B,A,B,A,B,A,CBC,ACBC,CACBC,3,1,0,A
1,A,11.0,7.0,11.0,C,B,C,A,C,B,A,B,A,B,BCA,CBCA,ACBCA,0,2,1,A
1,A,1.0,11.0,7.0,A,C,B,C,A,C,B,A,B,A,CAA,BCAA,CBCAA,0,3,2,B
9,B,1.0,1.0,11.0,A,A,C,B,C,A,C,B,A,B,AAB,CAAB,BCAAB,1,0,3,A
5,A,9.0,1.0,1.0,B,A,A,C,B,C,A,C,B,A,ABA,AABA,CAABA,0,1,4,B
7,B,5.0,9.0,1.0,A,B,A,A,C,B,C,A,C,B,BAB,ABAB,AABAB,1,0,5,A
1,A,7.0,5.0,9.0,B,A,B,A,A,C,B,C,A,C,ABA,BABA,ABABA,0,1,6,A
3,A,1.0,7.0,5.0,A,B,A,B,A,A,C,B,C,A,BAA,ABAA,BABAA,0,2,7,A
4,A,3.0,1.0,7.0,A,A,B,A,B,A,A,C,B,C,AAA,BAAA,ABAAA,0,3,8,B
8,B,4.0,3.0,1.0,A,A,A,B,A,B,A,A,C,B,AAB,AAAB,BAAAB,1,0,9,A
3,A,8.0,4.0,3.0,B,A,A,A,B,A,B,A,A,C,ABA,AABA,AAABA,0,1,10,A
3,A,3.0,8.0,4.0,A,B,A,A,A,B,A,B,A,A,BAA,ABAA,AABAA,0,2,11,B
10,B,3.0,3.0,8.0,A,A,B,A,A,A,B,A,B,A,AAB,BAAB,ABAAB,1,0,12,A
4,A,10.0,3.0,3.0,B,A,A,B,A,A,A,B,A,B,ABA,AABA,BAABA,0,1,13,C
12,C,4.0,10.0,3.0,A,B,A,A,B,A,A,A,B,A,BAC,ABAC,AABAC,1,2,0,A
5,A,12.0,4.0,10.0,C,A,B,A,A,B,A,A,A,B,ACA,BACA,ABACA,0,3,1,A
4,A,5.0,12.0,4.0,A,C,A,B,A,A,B,A,A,A,CAA,ACAA,BACAA,0,4,2,C
13,C,4.0,5.0,12.0,A,A,C,A,B,A,A,B,A,A,AAC,CAAC,ACAAC,1,5,0,C
13,C,13.0,4.0,5.0,C,A,A,C,A,B,A,A,B,A,ACC,AACC,CAACC,2,6,0,C
12,C,13.0,13.0,4.0,C,C,A,A,C,A,B,A,A,B,CCC,ACCC,AACCC,3,7,0,A
1,A,12.0,13.0,13.0,C,C,C,A,A,C,A,B,A,A,CCA,CCCA,ACCCA,0,8,1,A
4,A,1.0,12.0,13.0,A,C,C,C,A,A,C,A,B,A,CAA,CCAA,CCCAA,0,9,2,A
1,A,4.0,1.0,12.0,A,A,C,C,C,A,A,C,A,B,AAA,CAAA,CCAAA,0,10,3,C
11,C,1.0,4.0,1.0,A,A,A,C,C,C,A,A,C,A,AAC,AAAC,CAAAC,1,11,0,C
12,C,11.0,1.0,4.0,C,A,A,A,C,C,C,A,A,C,ACC,AACC,AAACC,2,12,0,A
1,A,12.0,11.0,1.0,C,C,A,A,A,C,C,C,A,A,CCA,ACCA,AACCA,0,13,1,A
4,A,1.0,12.0,11.0,A,C,C,A,A,A,C,C,C,A,CAA,CCAA,ACCAA,0,14,2,A
3,A,4.0,1.0,12.0,A,A,C,C,A,A,A,C,C,C,AAA,CAAA,CCAAA,0,15,3,A
6,A,3.0,4.0,1.0,A,A,A,C,C,A,A,A,C,C,AAA,AAAA,CAAAA,0,16,4,A
3,A,6.0,3.0,4.0,A,A,A,A,C,C,A,A,A,C,AAA,AAAA,AAAAA,0,17,5,C
13,C,3.0,6.0,3.0,A,A,A,A,A,C,C,A,A,A,AAC,AAAC,AAAAC,1,18,0,A
3,A,13.0,3.0,6.0,C,A,A,A,A,A,C,C,A,A,ACA,AACA,AAACA,0,19,1,B
10,B,3.0,13.0,3.0,A,C,A,A,A,A,A,C,C,A,CAB,ACAB,AACAB,1,0,2,C
12,C,10.0,3.0,13.0,B,A,C,A,A,A,A,A,C,C,ABC,CABC,ACABC,2,1,0,B
8,B,12.0,10.0,3.0,C,B,A,C,A,A,A,A,A,C,BCB,ABCB,CABCB,3,0,1,A
6,A,8.0,12.0,10.0,B,C,B,A,C,A,A,A,A,A,CBA,BCBA,ABCBA,0,1,2,B
10,B,6.0,8.0,12.0,A,B,C,B,A,C,A,A,A,A,BAB,CBAB,BCBAB,1,0,3,C
13,C,10.0,6.0,8.0,B,A,B,C,B,A,C,A,A,A,ABC,BABC,CBABC,2,1,0,A
2,A,13.0,10.0,6.0,C,B,A,B,C,B,A,C,A,A,BCA,ABCA,BABCA,0,2,1,A
4,A,2.0,13.0,10.0,A,C,B,A,B,C,B,A,C,A,CAA,BCAA,ABCAA,0,3,2,C
13,C,4.0,2.0,13.0,A,A,C,B,A,B,C,B,A,C,AAC,CAAC,BCAAC,1,4,0,C
11,C,13.0,4.0,2.0,C,A,A,C,B,A,B,C,B,A,ACC,AACC,CAACC,2,5,0,A
1,A,11.0,13.0,4.0,C,C,A,A,C,B,A,B,C,B,CCA,ACCA,AACCA,0,6,1,A
5,A,1.0,11.0,13.0,A,C,C,A,A,C,B,A,B,C,CAA,CCAA,ACCAA,0,7,2,B
9,B,5.0,1.0,11.0,A,A,C,C,A,A,C,B,A,B,AAB,CAAB,CCAAB,1,0,3,A
6,A,9.0,5.0,1.0,B,A,A,C,C,A,A,C,B,A,ABA,AABA,CAABA,0,1,4,B
9,B,6.0,9.0,5.0,A,B,A,A,C,C,A,A,C,B,BAB,ABAB,AABAB,1,0,5,A
5,A,9.0,6.0,9.0,B,A,B,A,A,C,C,A,A,C,ABA,BABA,ABABA,0,1,6,A
2,A,5.0,9.0,6.0,A,B,A,B,A,A,C,C,A,A,BAA,ABAA,BABAA,0,2,7,A
5,A,2.0,5.0,9.0,A,A,B,A,B,A,A,C,C,A,AAA,BAAA,ABAAA,0,3,8,A
6,A,5.0,2.0,5.0,A,A,A,B,A,B,A,A,C,C,AAA,AAAA,BAAAA,0,4,9,B
10,B,6.0,5.0,2.0,A,A,A,A,B,A,B,A,A,C,AAB,AAAB,AAAAB,1,0,10,A
2,A,10.0,6.0,5.0,B,A,A,A,A,B,A,B,A,A,ABA,AABA,AAABA,0,1,11,A
5,A,2.0,10.0,6.0,A,B,A,A,A,A,B,A,B,A,BAA,ABAA,AABAA,0,2,12,B
10,B,5.0,2.0,10.0,A,A,B,A,A,A,A,B,A,B,AAB,BAAB,ABAAB,1,0,13,B
7,B,10.0,5.0,2.0,B,A,A,B,A,A,A,A,B,A,ABB,AABB,BAABB,2,0,14,B
10,B,7.0,10.0,5.0,B,B,A,A,B,A,A,A,A,B,BBB,ABBB,AABBB,3,0,15,A
4,A,10.0,7.0,10.0,B,B,B,A,A,B,A,A,A,A,BBA,BBBA,ABBBA,0,1,16,C
12,C,4.0,10.0,7.0,A,B,B,B,A,A,B,A,A,A,BAC,BBAC,BBBAC,1,2,0,A
4,A,12.0,4.0,10.0,C,A,B,B,B,A,A,B,A,A,ACA,BACA,BBACA,0,3,1,A
3,A,4.0,12.0,4.0,A,C,A,B,B,B,A,A,B,A,CAA,ACAA,BACAA,0,4,2,A
2,A,3.0,4.0,12.0,A,A,C,A,B,B,B,A,A,B,AAA,CAAA,ACAAA,0,5,3,A
1,A,2.0,3.0,4.0,A,A,A,C,A,B,B,B,A,A,AAA,AAAA,CAAAA,0,6,4,A
4,A,1.0,2.0,3.0,A,A,A,A,C,A,B,B,B,A,AAA,AAAA,AAAAA,0,7,5,C
13,C,4.0,1.0,2.0,A,A,A,A,A,C,A,B,B,B,AAC,AAAC,AAAAC,1,8,0,B
9,B,13.0,4.0,1.0,C,A,A,A,A,A,C,A,B,B,ACB,AACB,AAACB,2,0,1,A
1,A,9.0,13.0,4.0,B,C,A,A,A,A,A,C,A,B,CBA,ACBA,AACBA,0,1,2,B
7,B,1.0,9.0,13.0,A,B,C,A,A,A,A,A,C,A,BAB,CBAB,ACBAB,1,0,3,C
13,C,7.0,1.0,9.0,B,A,B,C,A,A,A,A,A,C,ABC,BABC,CBABC,2,1,0,C
13,C,13.0,7.0,1.0,C,B,A,B,C,A,A,A,A,A,BCC,ABCC,BABCC,3,2,0,C
11,C,13.0,13.0,7.0,C,C,B,A,B,C,A,A,A,A,CCC,BCCC,ABCCC,4,3,0,B
10,B,11.0,13.0,13.0,C,C,C,B,A,B,C,A,A,A,CCB,CCCB,BCCCB,5,0,1,A
4,A,10.0,11.0,13.0,B,C,C,C,B,A,B,C,A,A,CBA,CCBA,CCCBA,0,1,2,C
12,C,4.0,10.0,11.0,A,B,C,C,C,B,A,B,C,A,BAC,CBAC,CCBAC,1,2,0,A
1,A,12.0,4.0,10.0,C,A,B,C,C,C,B,A,B,C,ACA,BACA,CBACA,0,3,1,A
2,A,1.0,12.0,4.0,A,C,A,B,C,C,C,B,A,B,CAA,ACAA,BACAA,0,4,2,A
6,A,2.0,1.0,12.0,A,A,C,A,B,C,C,C,B,A,AAA,CAAA,ACAAA,0,5,3,C
11,C,6.0,2.0,1.0,A,A,A,C,A,B,C,C,C,B,AAC,AAAC,CAAAC,1,6,0,B
9,B,11.0,6.0,2.0,C,A,A,A,C,A,B,C,C,C,ACB,AACB,AAACB,2,0,1,A
2,A,9.0,11.0,6.0,B,C,A,A,A,C,A,B,C,C,CBA,ACBA,AACBA,0,1,2,B
9,B,2.0,9.0,11.0,A,B,C,A,A,A,C,A,B,C,BAB,CBAB,ACBAB,1,0,3,B
7,B,9.0,2.0,9.0,B,A,B,C,A,A,A,C,A,B,ABB,BABB,CBABB,2,0,4,B
8,B,7.0,9.0,2.0,B,B,A,B,C,A,A,A,C,A,BBB,ABBB,BABBB,3,0,5,A
1,A,8.0,7.0,9.0,B,B,B,A,B,C,A,A,A,C,BBA,BBBA,ABBBA,0,1,6,B
9,B,1.0,8.0,7.0,A,B,B,B,A,B,C,A,A,A,BAB,BBAB,BBBAB,1,0,7,B
7,B,9.0,1.0,8.0,B,A,B,B,B,A,B,C,A,A,ABB,BABB,BBABB,2,0,8,C
13,C,7.0,9.0,1.0,B,B,A,B,B,B,A,B,C,A,BBC,ABBC,BABBC,3,1,0,A
1,A,13.0,7.0,9.0,C,B,B,A,B,B,B,A,B,C,BCA,BBCA,ABBCA,0,2,1,A
5,A,1.0,13.0,7.0,A,C,B,B,A,B,B,B,A,B,CAA,BCAA,BBCAA,0,3,2,C
11,C,5.0,1.0,13.0,A,A,C,B,B,A,B,B,B,A,AAC,CAAC,BCAAC,1,4,0,A
4,A,11.0,5.0,1.0,C,A,A,C,B,B,A,B,B,B,ACA,AACA,CAACA,0,5,1,A
6,A,4.0,11.0,5.0,A,C,A,A,C,B,B,A,B,B,CAA,ACAA,AACAA,0,6,2,A
4,A,6.0,4.0,11.0,A,A,C,A,A,C,B,B,A,B,AAA,CAAA,ACAAA,0,7,3,B
7,B,4.0,6.0,4.0,A,A,A,C,A,A,C,B,B,A,AAB,AAAB,CAAAB,1,0,4,A
6,A,7.0,4.0,6.0,B,A,A,A,C,A,A,C,B,B,ABA,AABA,AAABA,0,1,5,C
11,C,6.0,7.0,4.0,A,B,A,A,A,C,A,A,C,B,BAC,ABAC,AABAC,1,2,0,B
10,B,11.0,6.0,7.0,C,A,B,A,A,A,C,A,A,C,ACB,BACB,ABACB,2,0,1,C
11,C,10.0,11.0,6.0,B,C,A,B,A,A,A,C,A,A,CBC,ACBC,BACBC,3,1,0,A
2,A,11.0,10.0,11.0,C,B,C,A,B,A,A,A,C,A,BCA,CBCA,ACBCA,0,2,1,B
9,B,2.0,11.0,10.0,A,C,B,C,A,B,A,A,A,C,CAB,BCAB,CBCAB,1,0,2,C
12,C,9.0,2.0,11.0,B,A,C,B,C,A,B,A,A,A,ABC,CABC,BCABC,2,1,0,B
7,B,12.0,9.0,2.0,C,B,A,C,B,C,A,B,A,A,BCB,ABCB,CABCB,3,0,1,B
9,B,7.0,12.0,9.0,B,C,B,A,C,B,C,A,B,A,CBB,BCBB,ABCBB,4,0,2,A
4,A,9.0,7.0,12.0,B,B,C,B,A,C,B,C,A,B,BBA,CBBA,BCBBA,0,1,3,B
9,B,4.0,9.0,7.0,A,B,B,C,B,A,C,B,C,A,BAB,BBAB,CBBAB,1,0,4,A
4,A,9.0,4.0,9.0,B,A,B,B,C,B,A,C,B,C,ABA,BABA,BBABA,0,1,5,B
7,B,4.0,9.0,4.0,A,B,A,B,B,C,B,A,C,B,BAB,ABAB,BABAB,1,0,6,C
12,C,7.0,4.0,9.0,B,A,B,A,B,B,C,B,A,C,ABC,BABC,ABABC,2,1,0,B
9,B,12.0,7.0,4.0,C,B,A,B,A,B,B,C,B,A,BCB,ABCB,BABCB,3,0,1,B
8,B,9.0,12.0,7.0,B,C,B,A,B,A,B,B,C,B,CBB,BCBB,ABCBB,4,0,2,A
6,A,8.0,9.0,12.0,B,B,C,B,A,B,A,B,B,C,BBA,CBBA,BCBBA,0,1,3,B
9,B,6.0,8.0,9.0,A,B,B,C,B,A,B,A,B,B,BAB,BBAB,CBBAB,1,0,4,B
8,B,9.0,6.0,8.0,B,A,B,B,C,B,A,B,A,B,ABB,BABB,BBABB,2,0,5,A
5,A,8.0,9.0,6.0,B,B,A,B,B,C,B,A,B,A,BBA,ABBA,BABBA,0,1,6,B
9,B,5.0,8.0,9.0,A,B,B,A,B,B,C,B,A,B,BAB,BBAB,ABBAB,1,0,7,B
8,B,9.0,5.0,8.0,B,A,B,B,A,B,B,C,B,A,ABB,BABB,BBABB,2,0,8,C
11,C,8.0,9.0,5.0,B,B,A,B,B,A,B,B,C,B,BBC,ABBC,BABBC,3,1,0,A
4,A,11.0,8.0,9.0,C,B,B,A,B,B,A,B,B,C,BCA,BBCA,ABBCA,0,2,1,C
13,C,4.0,11.0,8.0,A,C,B,B,A,B,B,A,B,B,CAC,BCAC,BBCAC,1,3,0,B
8,B,13.0,4.0,11.0,C,A,C,B,B,A,B,B,A,B,ACB,CACB,BCACB,2,0,1,B
10,B,8.0,13.0,4.0,B,C,A,C,B,B,A,B,B,A,CBB,ACBB,CACBB,3,0,2,A
3,A,10.0,8.0,13.0,B,B,C,A,C,B,B,A,B,B,BBA,CBBA,ACBBA,0,1,3,A
5,A,3.0,10.0,8.0,A,B,B,C,A,C,B,B,A,B,BAA,BBAA,CBBAA,0,2,4,C
13,C,5.0,3.0,10.0,A,A,B,B,C,A,C,B,B,A,AAC,BAAC,BBAAC,1,3,0,A
4,A,13.0,5.0,3.0,C,A,A,B,B,C,A,C,B,B,ACA,AACA,BAACA,0,4,1,A
3,A,4.0,13.0,5.0,A,C,A,A,B,B,C,A,C,B,CAA,ACAA,AACAA,0,5,2,C
13,C,3.0,4.0,13.0,A,A,C,A,A,B,B,C,A,C,AAC,CAAC,ACAAC,1,6,0,B
9,B,13.0,3.0,4.0,C,A,A,C,A,A,B,B,C,A,ACB,AACB,CAACB,2,0,1,A
2,A,9.0,13.0,3.0,B,C,A,A,C,A,A,B,B,C,CBA,ACBA,AACBA,0,1,2,A
1,A,2.0,9.0,13.0,A,B,C,A,A,C,A,A,B,B,BAA,CBAA,ACBAA,0,2,3,C
13,C,1.0,2.0,9.0,A,A,B,C,A,A,C,A,A,B,AAC,BAAC,CBAAC,1,3,0,A
2,A,13.0,1.0,2.0,C,A,A,B,C,A,A,C,A,A,ACA,AACA,BAACA,0,4,1,B
8,B,2.0,13.0,1.0,A,C,A,A,B,C,A,A,C,A,CAB,ACAB,AACAB,1,0,2,A
1,A,8.0,2.0,13.0,B,A,C,A,A,B,C,A,A,C,ABA,CABA,ACABA,0,1,3,B
7,B,1.0,8.0,2.0,A,B,A,C,A,A,B,C,A,A,BAB,ABAB,CABAB,1,0,4,C
13,C,7.0,1.0,8.0,B,A,B,A,C,A,A,B,C,A,ABC,BABC,ABABC,2,1,0,C
13,C,13.0,7.0,1.0,C,B,A,B,A,C,A,A,B,C,BCC,ABCC,BABCC,3,2,0,B
9,B,13.0,13.0,7.0,C,C,B,A,B,A,C,A,A,B,CCB,BCCB,ABCCB,4,0,1,A
5,A,9.0,13.0,13.0,B,C,C,B,A,B,A,C,A,A,CBA,CCBA,BCCBA,0,1,2,B
10,B,5.0,9.0,13.0,A,B,C,C,B,A,B,A,C,A,BAB,CBAB,CCBAB,1,0,3,A
1,A,10.0,5.0,9.0,B,A,B,C,C,B,A,B,A,C,ABA,BABA,CBABA,0,1,4,A
6,A,1.0,10.0,5.0,A,B,A,B,C,C,B,A,B,A,BAA,ABAA,BABAA,0,2,5,A
1,A,6.0,1.0,10.0,A,A,B,A,B,C,C,B,A,B,AAA,BAAA,ABAAA,0,3,6,A
3,A,1.0,6.0,1.0,A,A,A,B,A,B,C,C,B,A,AAA,AAAA,BAAAA,0,4,7,B
7,B,3.0,1.0,6.0,A,A,A,A,B,A,B,C,C,B,AAB,AAAB,AAAAB,1,0,8,A
6,A,7.0,3.0,1.0,B,A,A,A,A,B,A,B,C,C,ABA,AABA,AAABA,0,1,9,A
4,A,6.0,7.0,3.0,A,B,A,A,A,A,B,A,B,C,BAA,ABAA,AABAA,0,2,10,A
6,A,4.0,6.0,7.0,A,A,B,A,A,A,A,B,A,B,AAA,BAAA,ABAAA,0,3,11,B
8,B,6.0,4.0,6.0,A,A,A,B,A,A,A,A,B,A,AAB,AAAB,BAAAB,1,0,12,B
8,B,8.0,6.0,4.0,B,A,A,A,B,A,A,A,A,B,ABB,AABB,AAABB,2,0,13,B
8,B,8.0,8.0,6.0,B,B,A,A,A,B,A,A,A,A,BBB,ABBB,AABBB,3,0,14,A
3,A,8.0,8.0,8.0,B,B,B,A,A,A,B,A,A,A,BBA,BBBA,ABBBA,0,1,15,C
12,C,3.0,8.0,8.0,A,B,B,B,A,A,A,B,A,A,BAC,BBAC,BBBAC,1,2,0,A
6,A,12.0,3.0,8.0,C,A,B,B,B,A,A,A,B,A,ACA,BACA,BBACA,0,3,1,C
13,C,6.0,12.0,3.0,A,C,A,B,B,B,A,A,A,B,CAC,ACAC,BACAC,1,4,0,B
9,B,13.0,6.0,12.0,C,A,C,A,B,B,B,A,A,A,ACB,CACB,ACACB,2,0,1,B
9,B,9.0,13.0,6.0,B,C,A,C,A,B,B,B,A,A,CBB,ACBB,CACBB,3,0,2,A
4,A,9.0,9.0,13.0,B,B,C,A,C,A,B,B,B,A,BBA,CBBA,ACBBA,0,1,3,A
2,A,4.0,9.0,9.0,A,B,B,C,A,C,A,B,B,B,BAA,BBAA,CBBAA,0,2,4,B
9,B,2.0,4.0,9.0,A,A,B,B,C,A,C,A,B,B,AAB,BAAB,BBAAB,1,0,5,A
1,A,9.0,2.0,4.0,B,A,A,B,B,C,A,C,A,B,ABA,AABA,BAABA,0,1,6,B
9,B,1.0,9.0,2.0,A,B,A,A,B,B,C,A,C,A,BAB,ABAB,AABAB,1,0,7,C
11,C,9.0,1.0,9.0,B,A,B,A,A,B,B,C,A,C,ABC,BABC,ABABC,2,1,0,A
6,A,11.0,9.0,1.0,C,B,A,B,A,A,B,B,C,A,BCA,ABCA,BABCA,0,2,1,C
11,C,6.0,11.0,9.0,A,C,B,A,B,A,A,B,B,C,CAC,BCAC,ABCAC,1,3,0,B
9,B,11.0,6.0,11.0,C,A,C,B,A,B,A,A,B,B,ACB,CACB,BCACB,2,0,1,A
1,A,9.0,11.0,6.0,B,C,A,C,B,A,B,A,A,B,CBA,ACBA,CACBA,0,1,2,A
4,A,1.0,9.0,11.0,A,B,C,A,C,B,A,B,A,A,BAA,CBAA,ACBAA,0,2,3,A
2,A,4.0,1.0,9.0,A,A,B,C,A,C,B,A,B,A,AAA,BAAA,CBAAA,0,3,4,B
8,B,2.0,4.0,1.0,A,A,A,B,C,A,C,B,A,B,AAB,AAAB,BAAAB,1,0,5,B
7,B,8.0,2.0,4.0,B,A,A,A,B,C,A,C,B,A,ABB,AABB,AAABB,2,0,6,A
4,A,7.0,8.0,2.0,B,B,A,A,A,B,C,A,C,B,BBA,ABBA,AABBA,0,1,7,A
4,A,4.0,7.0,8.0,A,B,B,A,A,A,B,C,A,C,BAA,BBAA,ABBAA,0,2,8,B
7,B,4.0,4.0,7.0,A,A,B,B,A,A,A,B,C,A,AAB,BAAB,BBAAB,1,0,9,A
5,A,7.0,4.0,4.0,B,A,A,B,B,A,A,A,B,C,ABA,AABA,BAABA,0,1,10,B
7,B,5.0,7.0,4.0,A,B,A,A,B,B,A,A,A,B,BAB,ABAB,AABAB,1,0,11,C
11,C,7.0,5.0,7.0,B,A,B,A,A,B,B,A,A,A,ABC,BABC,ABABC,2,1,0,C
12,C,11.0,7.0,5.0,C,B,A,B,A,A,B,B,A,A,BCC,ABCC,BABCC,3,2,0,B
8,B,12.0,11.0,7.0,C,C,B,A,B,A,A,B,B,A,CCB,BCCB,ABCCB,4,0,1,A
5,A,8.0,12.0,11.0,B,C,C,B,A,B,A,A,B,B,CBA,CCBA,BCCBA,0,1,2,C
12,C,5.0,8.0,12.0,A,B,C,C,B,A,B,A,A,B,BAC,CBAC,CCBAC,1,2,0,A
5,A,12.0,5.0,8.0,C,A,B,C,C,B,A,B,A,A,ACA,BACA,CBACA,0,3,1,A
5,A,5.0,12.0,5.0,A,C,A,B,C,C,B,A,B,A,CAA,ACAA,BACAA,0,4,2,B
7,B,5.0,5.0,12.0,A,A,C,A,B,C,C,B,A,B,AAB,CAAB,ACAAB,1,0,3,A
6,A,7.0,5.0,5.0,B,A,A,C,A,B,C,C,B,A,ABA,AABA,CAABA,0,1,4,A
3,A,6.0,7.0,5.0,A,B,A,A,C,A,B,C,C,B,BAA,ABAA,AABAA,0,2,5,B
10,B,3.0,6.0,7.0,A,A,B,A,A,C,A,B,C,C,AAB,BAAB,ABAAB,1,0,6,B
9,B,10.0,3.0,6.0,B,A,A,B,A,A,C,A,B,C,ABB,AABB,BAABB,2,0,7,B
9,B,9.0,10.0,3.0,B,B,A,A,B,A,A,C,A,B,BBB,ABBB,AABBB,3,0,8,A
4,A,9.0,9.0,10.0,B,B,B,A,A,B,A,A,C,A,BBA,BBBA,ABBBA,0,1,9,A
6,A,4.0,9.0,9.0,A,B,B,B,A,A,B,A,A,C,BAA,BBAA,BBBAA,0,2,10,B
10,B,6.0,4.0,9.0,A,A,B,B,B,A,A,B,A,A,AAB,BAAB,BBAAB,1,0,11,A
1,A,10.0,6.0,4.0,B,A,A,B,B,B,A,A,B,A,ABA,AABA,BAABA,0,1,12,A
5,A,1.0,10.0,6.0,A,B,A,A,B,B,B,A,A,B,BAA,ABAA,AABAA,0,2,13,B
8,B,5.0,1.0,10.0,A,A,B,A,A,B,B,B,A,A,AAB,BAAB,ABAAB,1,0,14,B
8,B,8.0,5.0,1.0,B,A,A,B,A,A,B,B,B,A,ABB,AABB,BAABB,2,0,15,A
4,A,8.0,8.0,5.0,B,B,A,A,B,A,A,B,B,B,BBA,ABBA,AABBA,0,1,16,C
13,C,4.0,8.0,8.0,A,B,B,A,A,B,A,A,B,B,BAC,BBAC,ABBAC,1,2,0,B
9,B,13.0,4.0,8.0,C,A,B,B,A,A,B,A,A,B,ACB,BACB,BBACB,2,0,1,B
7,B,9.0,13.0,4.0,B,C,A,B,B,A,A,B,A,A,CBB,ACBB,BACBB,3,0,2,C
12,C,7.0,9.0,13.0,B,B,C,A,B,B,A,A,B,A,BBC,CBBC,ACBBC,4,1,0,A
5,A,12.0,7.0,9.0,C,B,B,C,A,B,B,A,A,B,BCA,BBCA,CBBCA,0,2,1,A
5,A,5.0,12.0,7.0,A,C,B,B,C,A,B,B,A,A,CAA,BCAA,BBCAA,0,3,2,C
12,C,5.0,5.0,12.0,A,A,C,B,B,C,A,B,B,A,AAC,CAAC,BCAAC,1,4,0,C
13,C,12.0,5.0,5.0,C,A,A,C,B,B,C,A,B,B,ACC,AACC,CAACC,2,5,0,C
12,C,13.0,12.0,5.0,C,C,A,A,C,B,B,C,A,B,CCC,ACCC,AACCC,3,6,0,C
12,C,12.0,13.0,12.0,C,C,C,A,A,C,B,B,C,A,CCC,CCCC,ACCCC,4,7,0,A
3,A,12.0,12.0,13.0,C,C,C,C,A,A,C,B,B,C,CCA,CCCA,CCCCA,0,8,1,A
4,A,3.0,12.0,12.0,A,C,C,C,C,A,A,C,B,B,CAA,CCAA,CCCAA,0,9,2,A
5,A,4.0,3.0,12.0,A,A,C,C,C,C,A,A,C,B,AAA,CAAA,CCAAA,0,10,3,B
7,B,5.0,4.0,3.0,A,A,A,C,C,C,C,A,A,C,AAB,AAAB,CAAAB,1,0,4,A
4,A,7.0,5.0,4.0,B,A,A,A,C,C,C,C,A,A,ABA,AABA,AAABA,0,1,5,A
2,A,4.0,7.0,5.0,A,B,A,A,A,C,C,C,C,A,BAA,ABAA,AABAA,0,2,6,C
12,C,2.0,4.0,7.0,A,A,B,A,A,A,C,C,C,C,AAC,BAAC,ABAAC,1,3,0,B
7,B,12.0,2.0,4.0,C,A,A,B,A,A,A,C,C,C,ACB,AACB,BAACB,2,0,1,C
11,C,7.0,12.0,2.0,B,C,A,A,B,A,A,A,C,C,CBC,ACBC,AACBC,3,1,0,B
8,B,11.0,7.0,12.0,C,B,C,A,A,B,A,A,A,C,BCB,CBCB,ACBCB,4,0,1,B
8,B,8.0,11.0,7.0,B,C,B,C,A,A,B,A,A,A,CBB,BCBB,CBCBB,5,0,2,B
9,B,8.0,8.0,11.0,B,B,C,B,C,A,A,B,A,A,BBB,CBBB,BCBBB,6,0,3,B
10,B,9.0,8.0,8.0,B,B,B,C,B,C,A,A,B,A,BBB,BBBB,CBBBB,7,0,4,A
4,A,10.0,9.0,8.0,B,B,B,B,C,B,C,A,A,B,BBA,BBBA,BBBBA,0,1,5,C
13,C,4.0,10.0,9.0,A,B,B,B,B,C,B,C,A,A,BAC,BBAC,BBBAC,1,2,0,A
4,A,13.0,4.0,10.0,C,A,B,B,B,B,C,B,C,A,ACA,BACA,BBACA,0,3,1,B
7,B,4.0,13.0,4.0,A,C,A,B,B,B,B,C,B,C,CAB,ACAB,BACAB,1,0,2,A
5,A,7.0,4.0,13.0,B,A,C,A,B,B,B,B,C,B,ABA,CABA,ACABA,0,1,3,B
10,B,5.0,7.0,4.0,A,B,A,C,A,B,B,B,B,C,BAB,ABAB,CABAB,1,0,4,C
13,C,10.0,5.0,7.0,B,A,B,A,C,A,B,B,B,B,ABC,BABC,ABABC,2,1,0,C
12,C,13.0,10.0,5.0,C,B,A,B,A,C,A,B,B,B,BCC,ABCC,BABCC,3,2,0,B
10,B,12.0,13.0,10.0,C,C,B,A,B,A,C,A,B,B,CCB,BCCB,ABCCB,4,0,1,B
8,B,10.0,12.0,13.0,B,C,C,B,A,B,A,C,A,B,CBB,CCBB,BCCBB,5,0,2,C
13,C,8.0,10.0,12.0,B,B,C,C,B,A,B,A,C,A,BBC,CBBC,CCBBC,6,1,0,B
9,B,13.0,8.0,10.0,C,B,B,C,C,B,A,B,A,C,BCB,BBCB,CBBCB,7,0,1,A
6,A,9.0,13.0,8.0,B,C,B,B,C,C,B,A,B,A,CBA,BCBA,BBCBA,0,1,2,A
5,A,6.0,9.0,13.0,A,B,C,B,B,C,C,B,A,B,BAA,CBAA,BCBAA,0,2,3,A
3,A,5.0,6.0,9.0,A,A,B,C,B,B,C,C,B,A,AAA,BAAA,CBAAA,0,3,4,A
3,A,3.0,5.0,6.0,A,A,A,B,C,B,B,C,C,B,AAA,AAAA,BAAAA,0,4,5,C
13,C,3.0,3.0,5.0,A,A,A,A,B,C,B,B,C,C,AAC,AAAC,AAAAC,1,5,0,B
9,B,13.0,3.0,3.0,C,A,A,A,A,B,C,B,B,C,ACB,AACB,AAACB,2,0,1,A
2,A,9.0,13.0,3.0,B,C,A,A,A,A,B,C,B,B,CBA,ACBA,AACBA,0,1,2,B
9,B,2.0,9.0,13.0,A,B,C,A,A,A,A,B,C,B,BAB,CBAB,ACBAB,1,0,3,B
10,B,9.0,2.0,9.0,B,A,B,C,A,A,A,A,B,C,ABB,BABB,CBABB,2,0,4,A
2,A,10.0,9.0,2.0,B,B,A,B,C,A,A,A,A,B,BBA,ABBA,BABBA,0,1,5,B
7,B,2.0,10.0,9.0,A,B,B,A,B,C,A,A,A,A,BAB,BBAB,ABBAB,1,0,6,B
7,B,7.0,2.0,10.0,B,A,B,B,A,B,C,A,A,A,ABB,BABB,BBABB,2,0,7,B
7,B,7.0,7.0,2.0,B,B,A,B,B,A,B,C,A,A,BBB,ABBB,BABBB,3,0,8,B
8,B,7.0,7.0,7.0,B,B,B,A,B,B,A,B,C,A,BBB,BBBB,ABBBB,4,0,9,C
11,C,8.0,7.0,7.0,B,B,B,B,A,B,B,A,B,C,BBC,BBBC,BBBBC,5,1,0,A
4,A,11.0,8.0,7.0,C,B,B,B,B,A,B,B,A,B,BCA,BBCA,BBBCA,0,2,1,A
6,A,4.0,11.0,8.0,A,C,B,B,B,B,A,B,B,A,CAA,BCAA,BBCAA,0,3,2,A
4,A,6.0,4.0,11.0,A,A,C,B,B,B,B,A,B,B,AAA,CAAA,BCAAA,0,4,3,B
7,B,4.0,6.0,4.0,A,A,A,C,B,B,B,B,A,B,AAB,AAAB,CAAAB,1,0,4,C
13,C,7.0,4.0,6.0,B,A,A,A,C,B,B,B,B,A,ABC,AABC,AAABC,2,1,0,B
7,B,13.0,7.0,4.0,C,B,A,A,A,C,B,B,B,B,BCB,ABCB,AABCB,3,0,1,A
6,A,7.0,13.0,7.0,B,C,B,A,A,A,C,B,B,B,CBA,BCBA,ABCBA,0,1,2,A
5,A,6.0,7.0,13.0,A,B,C,B,A,A,A,C,B,B,BAA,CBAA,BCBAA,0,2,3,B
10,B,5.0,6.0,7.0,A,A,B,C,B,A,A,A,C,B,AAB,BAAB,CBAAB,1,0,4,A
3,A,10.0,5.0,6.0,B,A,A,B,C,B,A,A,A,C,ABA,AABA,BAABA,0,1,5,B
10,B,3.0,10.0,5.0,A,B,A,A,B,C,B,A,A,A,BAB,ABAB,AABAB,1,0,6,B
9,B,10.0,3.0,10.0,B,A,B,A,A,B,C,B,A,A,ABB,BABB,ABABB,2,0,7,C
12,C,9.0,10.0,3.0,B,B,A,B,A,A,B,C,B,A,BBC,ABBC,BABBC,3,1,0,B
8,B,12.0,9.0,10.0,C,B,B,A,B,A,A,B,C,B,BCB,BBCB,ABBCB,4,0,1,A
1,A,8.0,12.0,9.0,B,C,B,B,A,B,A,A,B,C,CBA,BCBA,BBCBA,0,1,2,B
10,B,1.0,8.0,12.0,A,B,C,B,B,A,B,A,A,B,BAB,CBAB,BCBAB,1,0,3,A
2,A,10.0,1.0,8.0,B,A,B,C,B,B,A,B,A,A,ABA,BABA,CBABA,0,1,4,A
6,A,2.0,10.0,1.0,A,B,A,B,C,B,B,A,B,A,BAA,ABAA,BABAA,0,2,5,C
13,C,6.0,2.0,10.0,A,A,B,A,B,C,B,B,A,B,AAC,BAAC,ABAAC,1,3,0,C
13,C,13.0,6.0,2.0,C,A,A,B,A,B,C,B,B,A,ACC,AACC,BAACC,2,4,0,A
6,A,13.0,13.0,6.0,C,C,A,A,B,A,B,C,B,B,CCA,ACCA,AACCA,0,5,1,A
4,A,6.0,13.0,13.0,A,C,C,A,A,B,A,B,C,B,CAA,CCAA,ACCAA,0,6,2,B
10,B,4.0,6.0,13.0,A,A,C,C,A,A,B,A,B,C,AAB,CAAB,CCAAB,1,0,3,B
7,B,10.0,4.0,6.0,B,A,A,C,C,A,A,B,A,B,ABB,AABB,CAABB,2,0,4,B
9,B,7.0,10.0,4.0,B,B,A,A,C,C,A,A,B,A,BBB,ABBB,AABBB,3,0,5,C
13,C,9.0,7.0,10.0,B,B,B,A,A,C,C,A,A,B,BBC,BBBC,ABBBC,4,1,0,A
2,A,13.0,9.0,7.0,C,B,B,B,A,A,C,C,A,A,BCA,BBCA,BBBCA,0,2,1,C
11,C,2.0,13.0,9.0,A,C,B,B,B,A,A,C,C,A,CAC,BCAC,BBCAC,1,3,0,A
5,A,11.0,2.0,13.0,C,A,C,B,B,B,A,A,C,C,ACA,CACA,BCACA,0,4,1,A
3,A,5.0,11.0,2.0,A,C,A,C,B,B,B,A,A,C,CAA,ACAA,CACAA,0,5,2,B
10,B,3.0,5.0,11.0,A,A,C,A,C,B,B,B,A,A,AAB,CAAB,ACAAB,1,0,3,C
12,C,10.0,3.0,5.0,B,A,A,C,A,C,B,B,B,A,ABC,AABC,CAABC,2,1,0,A
3,A,12.0,10.0,3.0,C,B,A,A,C,A,C,B,B,B,BCA,ABCA,AABCA,0,2,1,A
3,A,3.0,12.0,10.0,A,C,B,A,A,C,A,C,B,B,CAA,BCAA,ABCAA,0,3,2,B
7,B,3.0,3.0,12.0,A,A,C,B,A,A,C,A,C,B,AAB,CAAB,BCAAB,1,0,3,C
11,C,7.0,3.0,3.0,B,A,A,C,B,A,A,C,A,C,ABC,AABC,CAABC,2,1,0,B
9,B,11.0,7.0,3.0,C,B,A,A,C,B,A,A,C,A,BCB,ABCB,AABCB,3,0,1,A
2,A,9.0,11.0,7.0,B,C,B,A,A,C,B,A,A,C,CBA,BCBA,ABCBA,0,1,2,A
1,A,2.0,9.0,11.0,A,B,C,B,A,A,C,B,A,A,BAA,CBAA,BCBAA,0,2,3,A
2,A,1.0,2.0,9.0,A,A,B,C,B,A,A,C,B,A,AAA,BAAA,CBAAA,0,3,4,C
12,C,2.0,1.0,2.0,A,A,A,B,C,B,A,A,C,B,AAC,AAAC,BAAAC,1,4,0,C
13,C,12.0,2.0,1.0,C,A,A,A,B,C,B,A,A,C,ACC,AACC,AAACC,2,5,0,A
2,A,13.0,12.0,2.0,C,C,A,A,A,B,C,B,A,A,CCA,ACCA,AACCA,0,6,1,A
3,A,2.0,13.0,12.0,A,C,C,A,A,A,B,C,B,A,CAA,CCAA,ACCAA,0,7,2,B
8,B,3.0,2.0,13.0,A,A,C,C,A,A,A,B,C,B,AAB,CAAB,CCAAB,1,0,3,C
13,C,8.0,3.0,2.0,B,A,A,C,C,A,A,A,B,C,ABC,AABC,CAABC,2,1,0,A
4,A,13.0,8.0,3.0,C,B,A,A,C,C,A,A,A,B,BCA,ABCA,AABCA,0,2,1,C
12,C,4.0,13.0,8.0,A,C,B,A,A,C,C,A,A,A,CAC,BCAC,ABCAC,1,3,0,B
10,B,12.0,4.0,13.0,C,A,C,B,A,A,C,C,A,A,ACB,CACB,BCACB,2,0,1,C
12,C,10.0,12.0,4.0,B,C,A,C,B,A,A,C,C,A,CBC,ACBC,CACBC,3,1,0,B
7,B,12.0,10.0,12.0,C,B,C,A,C,B,A,A,C,C,BCB,CBCB,ACBCB,4,0,1,C
13,C,7.0,12.0,10.0,B,C,B,C,A,C,B,A,A,C,CBC,BCBC,CBCBC,5,1,0,C
11,C,13.0,7.0,12.0,C,B,C,B,C,A,C,B,A,A,BCC,CBCC,BCBCC,6,2,0,C
11,C,11.0,13.0,7.0,C,C,B,C,B,C,A,C,B,A,CCC,BCCC,CBCCC,7,3,0,A
3,A,11.0,11.0,13.0,C,C,C,B,C,B,C,A,C,B,CCA,CCCA,BCCCA,0,4,1,C
12,C,3.0,11.0,11.0,A,C,C,C,B,C,B,C,A,C,CAC,CCAC,CCCAC,1,5,0,A
1,A,12.0,3.0,11.0,C,A,C,C,C,B,C,B,C,A,ACA,CACA,CCACA,0,6,1,A
4,A,1.0,12.0,3.0,A,C,A,C,C,C,B,C,B,C,CAA,ACAA,CACAA,0,7,2,C
11,C,4.0,1.0,12.0,A,A,C,A,C,C,C,B,C,B,AAC,CAAC,ACAAC,1,8,0,B
7,B,11.0,4.0,1.0,C,A,A,C,A,C,C,C,B,C,ACB,AACB,CAACB,2,0,1,B
8,B,7.0,11.0,4.0,B,C,A,A,C,A,C,C,C,B,CBB,ACBB,AACBB,3,0,2,B
9,B,8.0,7.0,11.0,B,B,C,A,A,C,A,C,C,C,BBB,CBBB,ACBBB,4,0,3,C
13,C,9.0,8.0,7.0,B,B,B,C,A,A,C,A,C,C,BBC,BBBC,CBBBC,5,1,0,C
11,C,13.0,9.0,8.0,C,B,B,B,C,A,A,C,A,C,BCC,BBCC,BBBCC,6,2,0,B
8,B,11.0,13.0,9.0,C,C,B,B,B,C,A,A,C,A,CCB,BCCB,BBCCB,7,0,1,B
8,B,8.0,11.0,13.0,B,C,C,B,B,B,C,A,A,C,CBB,CCBB,BCCBB,8,0,2,B
10,B,8.0,8.0,11.0,B,B,C,C,B,B,B,C,A,A,BBB,CBBB,CCBBB,9,0,3,C
13,C,10.0,8.0,8.0,B,B,B,C,C,B,B,B,C,A,BBC,BBBC,CBBBC,10,1,0,B
9,B,13.0,10.0,8.0,C,B,B,B,C,C,B,B,B,C,BCB,BBCB,BBBCB,11,0,1,A
2,A,9.0,13.0,10.0,B,C,B,B,B,C,C,B,B,B,CBA,BCBA,BBCBA,0,1,2,B
8,B,2.0,9.0,13.0,A,B,C,B,B,B,C,C,B,B,BAB,CBAB,BCBAB,1,0,3,B
10,B,8.0,2.0,9.0,B,A,B,C,B,B,B,C,C,B,ABB,BABB,CBABB,2,0,4,A
1,A,10.0,8.0,2.0,B,B,A,B,C,B,B,B,C,C,BBA,ABBA,BABBA,0,1,5,B
8,B,1.0,10.0,8.0,A,B,B,A,B,C,B,B,B,C,BAB,BBAB,ABBAB,1,0,6,C
12,C,8.0,1.0,10.0,B,A,B,B,A,B,C,B,B,B,ABC,BABC,BBABC,2,1,0,A
1,A,12.0,8.0,1.0,C,B,A,B,B,A,B,C,B,B,BCA,ABCA,BABCA,0,2,1,B
9,B,1.0,12.0,8.0,A,C,B,A,B,B,A,B,C,B,CAB,BCAB,ABCAB,1,0,2,C
13,C,9.0,1.0,12.0,B,A,C,B,A,B,B,A,B,C,ABC,CABC,BCABC,2,1,0,C
11,C,13.0,9.0,1.0,C,B,A,C,B,A,B,B,A,B,BCC,ABCC,CABCC,3,2,0,B
10,B,11.0,13.0,9.0,C,C,B,A,C,B,A,B,B,A,CCB,BCCB,ABCCB,4,0,1,B
9,B,10.0,11.0,13.0,B,C,C,B,A,C,B,A,B,B,CBB,CCBB,BCCBB,5,0,2,A
1,A,9.0,10.0,11.0,B,B,C,C,B,A,C,B,A,B,BBA,CBBA,CCBBA,0,1,3,A
4,A,1.0,9.0,10.0,A,B,B,C,C,B,A,C,B,A,BAA,BBAA,CBBAA,0,2,4,A
1,A,4.0,1.0,9.0,A,A,B,B,C,C,B,A,C,B,AAA,BAAA,BBAAA,0,3,5,A
6,A,1.0,4.0,1.0,A,A,A,B,B,C,C,B,A,C,AAA,AAAA,BAAAA,0,4,6,C
12,C,6.0,1.0,4.0,A,A,A,A,B,B,C,C,B,A,AAC,AAAC,AAAAC,1,5,0,A
4,A,12.0,6.0,1.0,C,A,A,A,A,B,B,C,C,B,ACA,AACA,AAACA,0,6,1,A
2,A,4.0,12.0,6.0,A,C,A,A,A,A,B,B,C,C,CAA,ACAA,AACAA,0,7,2,B
10,B,2.0,4.0,12.0,A,A,C,A,A,A,A,B,B,C,AAB,CAAB,ACAAB,1,0,3,A
4,A,10.0,2.0,4.0,B,A,A,C,A,A,A,A,B,B,ABA,AABA,CAABA,0,1,4,A
2,A,4.0,10.0,2.0,A,B,A,A,C,A,A,A,A,B,BAA,ABAA,AABAA,0,2,5,B
8,B,2.0,4.0,10.0,A,A,B,A,A,C,A,A,A,A,AAB,BAAB,ABAAB,1,0,6,B
8,B,8.0,2.0,4.0,B,A,A,B,A,A,C,A,A,A,ABB,AABB,BAABB,2,0,7,A
1,A,8.0,8.0,2.0,B,B,A,A,B,A,A,C,A,A,BBA,ABBA,AABBA,0,1,8,A
2,A,1.0,8.0,8.0,A,B,B,A,A,B,A,A,C,A,BAA,BBAA,ABBAA,0,2,9,B
8,B,2.0,1.0,8.0,A,A,B,B,A,A,B,A,A,C,AAB,BAAB,BBAAB,1,0,10,A
5,A,8.0,2.0,1.0,B,A,A,B,B,A,A,B,A,A,ABA,AABA,BAABA,0,1,11,A
2,A,5.0,8.0,2.0,A,B,A,A,B,B,A,A,B,A,BAA,ABAA,AABAA,0,2,12,A
1,A,2.0,5.0,8.0,A,A,B,A,A,B,B,A,A,B,AAA,BAAA,ABAAA,0,3,13,A
4,A,1.0,2.0,5.0,A,A,A,B,A,A,B,B,A,A,AAA,AAAA,BAAAA,0,4,14,A
4,A,4.0,1.0,2.0,A,A,A,A,B,A,A,B,B,A,AAA,AAAA,AAAAA,0,5,15,A
4,A,4.0,4.0,1.0,A,A,A,A,A,B,A,A,B,B,AAA,AAAA,AAAAA,0,6,16,B
8,B,4.0,4.0,4.0,A,A,A,A,A,A,B,A,A,B,AAB,AAAB,AAAAB,1,0,17,A
4,A,8.0,4.0,4.0,B,A,A,A,A,A,A,B,A,A,ABA,AABA,AAABA,0,1,18,B
10,B,4.0,8.0,4.0,A,B,A,A,A,A,A,A,B,A,BAB,ABAB,AABAB,1,0,19,A
6,A,10.0,4.0,8.0,B,A,B,A,A,A,A,A,A,B,ABA,BABA,ABABA,0,1,20,B
10,B,6.0,10.0,4.0,A,B,A,B,A,A,A,A,A,A,BAB,ABAB,BABAB,1,0,21,C
13,C,10.0,6.0,10.0,B,A,B,A,B,A,A,A,A,A,ABC,BABC,ABABC,2,1,0,A
4,A,13.0,10.0,6.0,C,B,A,B,A,B,A,A,A,A,BCA,ABCA,BABCA,0,2,1,B
8,B,4.0,13.0,10.0,A,C,B,A,B,A,B,A,A,A,CAB,BCAB,ABCAB,1,0,2,B
9,B,8.0,4.0,13.0,B,A,C,B,A,B,A,B,A,A,ABB,CABB,BCABB,2,0,3,C
13,C,9.0,8.0,4.0,B,B,A,C,B,A,B,A,B,A,BBC,ABBC,CABBC,3,1,0,A
1,A,13.0,9.0,8.0,C,B,B,A,C,B,A,B,A,B,BCA,BBCA,ABBCA,0,2,1,A
3,A,1.0,13.0,9.0,A,C,B,B,A,C,B,A,B,A,CAA,BCAA,BBCAA,0,3,2,C
11,C,3.0,1.0,13.0,A,A,C,B,B,A,C,B,A,B,AAC,CAAC,BCAAC,1,4,0,A
3,A,11.0,3.0,1.0,C,A,A,C,B,B,A,C,B,A,ACA,AACA,CAACA,0,5,1,A
4,A,3.0,11.0,3.0,A,C,A,A,C,B,B,A,C,B,CAA,ACAA,AACAA,0,6,2,B
8,B,4.0,3.0,11.0,A,A,C,A,A,C,B,B,A,C,AAB,CAAB,ACAAB,1,0,3,A
4,A,8.0,4.0,3.0,B,A,A,C,A,A,C,B,B,A,ABA,AABA,CAABA,0,1,4,A
3,A,4.0,8.0,4.0,A,B,A,A,C,A,A,C,B,B,BAA,ABAA,AABAA,0,2,5,A
6,A,3.0,4.0,8.0,A,A,B,A,A,C,A,A,C,B,AAA,BAAA,ABAAA,0,3,6,B
9,B,6.0,3.0,4.0,A,A,A,B,A,A,C,A,A,C,AAB,AAAB,BAAAB,1,0,7,A
1,A,9.0,6.0,3.0,B,A,A,A,B,A,A,C,A,A,ABA,AABA,AAABA,0,1,8,A
1,A,1.0,9.0,6.0,A,B,A,A,A,B,A,A,C,A,BAA,ABAA,AABAA,0,2,9,A
1,A,1.0,1.0,9.0,A,A,B,A,A,A,B,A,A,C,AAA,BAAA,ABAAA,0,3,10,A
5,A,1.0,1.0,1.0,A,A,A,B,A,A,A,B,A,A,AAA,AAAA,BAAAA,0,4,11,C
11,C,5.0,1.0,1.0,A,A,A,A,B,A,A,A,B,A,AAC,AAAC,AAAAC,1,5,0,A
1,A,11.0,5.0,1.0,C,A,A,A,A,B,A,A,A,B,ACA,AACA,AAACA,0,6,1,B
10,B,1.0,11.0,5.0,A,C,A,A,A,A,B,A,A,A,CAB,ACAB,AACAB,1,0,2,A
4,A,10.0,1.0,11.0,B,A,C,A,A,A,A,B,A,A,ABA,CABA,ACABA,0,1,3,A
5,A,4.0,10.0,1.0,A,B,A,C,A,A,A,A,B,A,BAA,ABAA,CABAA,0,2,4,A
6,A,5.0,4.0,10.0,A,A,B,A,C,A,A,A,A,B,AAA,BAAA,ABAAA,0,3,5,B
9,B,6.0,5.0,4.0,A,A,A,B,A,C,A,A,A,A,AAB,AAAB,BAAAB,1,0,6,A
3,A,9.0,6.0,5.0,B,A,A,A,B,A,C,A,A,A,ABA,AABA,AAABA,0,1,7,C
13,C,3.0,9.0,6.0,A,B,A,A,A,B,A,C,A,A,BAC,ABAC,AABAC,1,2,0,B
8,B,13.0,3.0,9.0,C,A,B,A,A,A,B,A,C,A,ACB,BACB,ABACB,2,0,1,A
3,A,8.0,13.0,3.0,B,C,A,B,A,A,A,B,A,C,CBA,ACBA,BACBA,0,1,2,C
11,C,3.0,8.0,13.0,A,B,C,A,B,A,A,A,B,A,BAC,CBAC,ACBAC,1,2,0,C
13,C,11.0,3.0,8.0,C,A,B,C,A,B,A,A,A,B,ACC,BACC,CBACC,2,3,0,A
3,A,13.0,11.0,3.0,C,C,A,B,C,A,B,A,A,A,CCA,ACCA,BACCA,0,4,1,B
10,B,3.0,13.0,11.0,A,C,C,A,B,C,A,B,A,A,CAB,CCAB,ACCAB,1,0,2,C
12,C,10.0,3.0,13.0,B,A,C,C,A,B,C,A,B,A,ABC,CABC,CCABC,2,1,0,B
7,B,12.0,10.0,3.0,C,B,A,C,C,A,B,C,A,B,BCB,ABCB,CABCB,3,0,1,B
7,B,7.0,12.0,10.0,B,C,B,A,C,C,A,B,C,A,CBB,BCBB,ABCBB,4,0,2,A
5,A,7.0,7.0,12.0,B,B,C,B,A,C,C,A,B,C,BBA,CBBA,BCBBA,0,1,3,A
3,A,5.0,7.0,7.0,A,B,B,C,B,A,C,C,A,B,BAA,BBAA,CBBAA,0,2,4,C
12,C,3.0,5.0,7.0,A,A,B,B,C,B,A,C,C,A,AAC,BAAC,BBAAC,1,3,0,B
8,B,12.0,3.0,5.0,C,A,A,B,B,C,B,A,C,C,ACB,AACB,BAACB,2,0,1,B
7,B,8.0,12.0,3.0,B,C,A,A,B,B,C,B,A,C,CBB,ACBB,AACBB,3,0,2,A
2,A,7.0,8.0,12.0,B,B,C,A,A,B,B,C,B,A,BBA,CBBA,ACBBA,0,1,3,C
13,C,2.0,7.0,8.0,A,B,B,C,A,A,B,B,C,B,BAC,BBAC,CBBAC,1,2,0,C
11,C,13.0,2.0,7.0,C,A,B,B,C,A,A,B,B,C,ACC,BACC,BBACC,2,3,0,A
6,A,11.0,13.0,2.0,C,C,A,B,B,C,A,A,B,B,CCA,ACCA,BACCA,0,4,1,C
11,C,6.0,11.0,13.0,A,C,C,A,B,B,C,A,A,B,CAC,CCAC,ACCAC,1,5,0,C
12,C,11.0,6.0,11.0,C,A,C,C,A,B,B,C,A,A,ACC,CACC,CCACC,2,6,0,C
13,C,12.0,11.0,6.0,C,C,A,C,C,A,B,B,C,A,CCC,ACCC,CACCC,3,7,0,A
5,A,13.0,12.0,11.0,C,C,C,A,C,C,A,B,B,C,CCA,CCCA,ACCCA,0,8,1,C
13,C,5.0,13.0,12.0,A,C,C,C,A,C,C,A,B,B,CAC,CCAC,CCCAC,1,9,0,A
2,A,13.0,5.0,13.0,C,A,C,C,C,A,C,C,A,B,ACA,CACA,CCACA,0,10,1,A
2,A,2.0,13.0,5.0,A,C,A,C,C,C,A,C,C,A,CAA,ACAA,CACAA,0,11,2,A
1,A,2.0,2.0,13.0,A,A,C,A,C,C,C,A,C,C,AAA,CAAA,ACAAA,0,12,3,A
4,A,1.0,2.0,2.0,A,A,A,C,A,C,C,C,A,C,AAA,AAAA,CAAAA,0,13,4,B
7,B,4.0,1.0,2.0,A,A,A,A,C,A,C,C,C,A,AAB,AAAB,AAAAB,1,0,5,C
12,C,7.0,4.0,1.0,B,A,A,A,A,C,A,C,C,C,ABC,AABC,AAABC,2,1,0,B
10,B,12.0,7.0,4.0,C,B,A,A,A,A,C,A,C,C,BCB,ABCB,AABCB,3,0,1,B
8,B,10.0,12.0,7.0,B,C,B,A,A,A,A,C,A,C,CBB,BCBB,ABCBB,4,0,2,B
7,B,8.0,10.0,12.0,B,B,C,B,A,A,A,A,C,A,BBB,CBBB,BCBBB,5,0,3,A
5,A,7.0,8.0,10.0,B,B,B,C,B,A,A,A,A,C,BBA,BBBA,CBBBA,0,1,4,C
11,C,5.0,7.0,8.0,A,B,B,B,C,B,A,A,A,A,BAC,BBAC,BBBAC,1,2,0,A
2,A,11.0,5.0,7.0,C,A,B,B,B,C,B,A,A,A,ACA,BACA,BBACA,0,3,1,C
11,C,2.0,11.0,5.0,A,C,A,B,B,B,C,B,A,A,CAC,ACAC,BACAC,1,4,0,A
2,A,11.0,2.0,11.0,C,A,C,A,B,B,B,C,B,A,ACA,CACA,ACACA,0,5,1,C
11,C,2.0,11.0,2.0,A,C,A,C,A,B,B,B,C,B,CAC,ACAC,CACAC,1,6,0,A
1,A,11.0,2.0,11.0,C,A,C,A,C,A,B,B,B,C,ACA,CACA,ACACA,0,7,1,B
9,B,1.0,11.0,2.0,A,C,A,C,A,C,A,B,B,B,CAB,ACAB,CACAB,1,0,2,C
12,C,9.0,1.0,11.0,B,A,C,A,C,A,C,A,B,B,ABC,CABC,ACABC,2,1,0,B
7,B,12.0,9.0,1.0,C,B,A,C,A,C,A,C,A,B,BCB,ABCB,CABCB,3,0,1,C
13,C,7.0,12.0,9.0,B,C,B,A,C,A,C,A,C,A,CBC,BCBC,ABCBC,4,1,0,A
2,A,13.0,7.0,12.0,C,B,C,B,A,C,A,C,A,C,BCA,CBCA,BCBCA,0,2,1,B
7,B,2.0,13.0,7.0,A,C,B,C,B,A,C,A,C,A,CAB,BCAB,CBCAB,1,0,2,A
2,A,7.0,2.0,13.0,B,A,C,B,C,B,A,C,A,C,ABA,CABA,BCABA,0,1,3,A
6,A,2.0,7.0,2.0,A,B,A,C,B,C,B,A,C,A,BAA,ABAA,CABAA,0,2,4,C
12,C,6.0,2.0,7.0,A,A,B,A,C,B,C,B,A,C,AAC,BAAC,ABAAC,1,3,0,A
6,A,12.0,6.0,2.0,C,A,A,B,A,C,B,C,B,A,ACA,AACA,BAACA,0,4,1,A
2,A,6.0,12.0,6.0,A,C,A,A,B,A,C,B,C,B,CAA,ACAA,AACAA,0,5,2,A
1,A,2.0,6.0,12.0,A,A,C,A,A,B,A,C,B,C,AAA,CAAA,ACAAA,0,6,3,B
10,B,1.0,2.0,6.0,A,A,A,C,A,A,B,A,C,B,AAB,AAAB,CAAAB,1,0,4,C
13,C,10.0,1.0,2.0,B,A,A,A,C,A,A,B,A,C,ABC,AABC,AAABC,2,1,0,A
3,A,13.0,10.0,1.0,C,B,A,A,A,C,A,A,B,A,BCA,ABCA,AABCA,0,2,1,A
6,A,3.0,13.0,10.0,A,C,B,A,A,A,C,A,A,B,CAA,BCAA,ABCAA,0,3,2,C
12,C,6.0,3.0,13.0,A,A,C,B,A,A,A,C,A,A,AAC,CAAC,BCAAC,1,4,0,C
11,C,12.0,6.0,3.0,C,A,A,C,B,A,A,A,C,A,ACC,AACC,CAACC,2,5,0,A
1,A,11.0,12.0,6.0,C,C,A,A,C,B,A,A,A,C,CCA,ACCA,AACCA,0,6,1,B
9,B,1.0,11.0,12.0,A,C,C,A,A,C,B,A,A,A,CAB,CCAB,ACCAB,1,0,2,B
10,B,9.0,1.0,11.0,B,A,C,C,A,A,C,B,A,A,ABB,CABB,CCABB,2,0,3,A
2,A,10.0,9.0,1.0,B,B,A,C,C,A,A,C,B,A,BBA,ABBA,CABBA,0,1,4,A
5,A,2.0,10.0,9.0,A,B,B,A,C,C,A,A,C,B,BAA,BBAA,ABBAA,0,2,5,A
5,A,5.0,2.0,10.0,A,A,B,B,A,C,C,A,A,C,AAA,BAAA,BBAAA,0,3,6,A
6,A,5.0,5.0,2.0,A,A,A,B,B,A,C,C,A,A,AAA,AAAA,BAAAA,0,4,7,A
3,A,6.0,5.0,5.0,A,A,A,A,B,B,A,C,C,A,AAA,AAAA,AAAAA,0,5,8,A
2,A,3.0,6.0,5.0,A,A,A,A,A,B,B,A,C,C,AAA,AAAA,AAAAA,0,6,9,C
11,C,2.0,3.0,6.0,A,A,A,A,A,A,B,B,A,C,AAC,AAAC,AAAAC,1,7,0,C
12,C,11.0,2.0,3.0,C,A,A,A,A,A,A,B,B,A,ACC,AACC,AAACC,2,8,0,B
10,B,12.0,11.0,2.0,C,C,A,A,A,A,A,A,B,B,CCB,ACCB,AACCB,3,0,1,C
13,C,10.0,12.0,11.0,B,C,C,A,A,A,A,A,A,B,CBC,CCBC,ACCBC,4,1,0,C
11,C,13.0,10.0,12.0,C,B,C,C,A,A,A,A,A,A,BCC,CBCC,CCBCC,5,2,0,A
2,A,11.0,13.0,10.0,C,C,B,C,C,A,A,A,A,A,CCA,BCCA,CBCCA,0,3,1,A
3,A,2.0,11.0,13.0,A,C,C,B,C,C,A,A,A,A,CAA,CCAA,BCCAA,0,4,2,A
6,A,3.0,2.0,11.0,A,A,C,C,B,C,C,A,A,A,AAA,CAAA,CCAAA,0,5,3,B
7,B,6.0,3.0,2.0,A,A,A,C,C,B,C,C,A,A,AAB,AAAB,CAAAB,1,0,4,B
8,B,7.0,6.0,3.0,B,A,A,A,C,C,B,C,C,A,ABB,AABB,AAABB,2,0,5,A
3,A,8.0,7.0,6.0,B,B,A,A,A,C,C,B,C,C,BBA,ABBA,AABBA,0,1,6,C
11,C,3.0,8.0,7.0,A,B,B,A,A,A,C,C,B,C,BAC,BBAC,ABBAC,1,2,0,A
2,A,11.0,3.0,8.0,C,A,B,B,A,A,A,C,C,B,ACA,BACA,BBACA,0,3,1,A
3,A,2.0,11.0,3.0,A,C,A,B,B,A,A,A,C,C,CAA,ACAA,BACAA,0,4,2,B
9,B,3.0,2.0,11.0,A,A,C,A,B,B,A,A,A,C,AAB,CAAB,ACAAB,1,0,3,A
1,A,9.0,3.0,2.0,B,A,A,C,A,B,B,A,A,A,ABA,AABA,CAABA,0,1,4,A
6,A,1.0,9.0,3.0,A,B,A,A,C,A,B,B,A,A,BAA,ABAA,AABAA,0,2,5,B
9,B,6.0,1.0,9.0,A,A,B,A,A,C,A,B,B,A,AAB,BAAB,ABAAB,1,0,6,C
11,C,9.0,6.0,1.0,B,A,A,B,A,A,C,A,B,B,ABC,AABC,BAABC,2,1,0,A
1,A,11.0,9.0,6.0,C,B,A,A,B,A,A,C,A,B,BCA,ABCA,AABCA,0,2,1,C
13,C,1.0,11.0,9.0,A,C,B,A,A,B,A,A,C,A,CAC,BCAC,ABCAC,1,3,0,C
11,C,13.0,1.0,11.0,C,A,C,B,A,A,B,A,A,C,ACC,CACC,BCACC,2,4,0,B
10,B,11.0,13.0,1.0,C,C,A,C,B,A,A,B,A,A,CCB,ACCB,CACCB,3,0,1,B
9,B,10.0,11.0,13.0,B,C,C,A,C,B,A,A,B,A,CBB,CCBB,ACCBB,4,0,2,A
1,A,9.0,10.0,11.0,B,B,C,C,A,C,B,A,A,B,BBA,CBBA,CCBBA,0,1,3,A
5,A,1.0,9.0,10.0,A,B,B,C,C,A,C,B,A,A,BAA,BBAA,CBBAA,0,2,4,B
9,B,5.0,1.0,9.0,A,A,B,B,C,C,A,C,B,A,AAB,BAAB,BBAAB,1,0,5,A
5,A,9.0,5.0,1.0,B,A,A,B,B,C,C,A,C,B,ABA,AABA,BAABA,0,1,6,C
13,C,5.0,9.0,5.0,A,B,A,A,B,B,C,C,A,C,BAC,ABAC,AABAC,1,2,0,C
11,C,13.0,5.0,9.0,C,A,B,A,A,B,B,C,C,A,ACC,BACC,ABACC,2,3,0,A
6,A,11.0,13.0,5.0,C,C,A,B,A,A,B,B,C,C,CCA,ACCA,BACCA,0,4,1,A
3,A,6.0,11.0,13.0,A,C,C,A,B,A,A,B,B,C,CAA,CCAA,ACCAA,0,5,2,B
10,B,3.0,6.0,11.0,A,A,C,C,A,B,A,A,B,B,AAB,CAAB,CCAAB,1,0,3,C
13,C,10.0,3.0,6.0,B,A,A,C,C,A,B,A,A,B,ABC,AABC,CAABC,2,1,0,A
2,A,13.0,10.0,3.0,C,B,A,A,C,C,A,B,A,A,BCA,ABCA,AABCA,0,2,1,B
7,B,2.0,13.0,10.0,A,C,B,A,A,C,C,A,B,A,CAB,BCAB,ABCAB,1,0,2,A
3,A,7.0,2.0,13.0,B,A,C,B,A,A,C,C,A,B,ABA,CABA,BCABA,0,1,3,C
13,C,3.0,7.0,2.0,A,B,A,C,B,A,A,C,C,A,BAC,ABAC,CABAC,1,2,0,A
1,A,13.0,3.0,7.0,C,A,B,A,C,B,A,A,C,C,ACA,BACA,ABACA,0,3,1,A
2,A,1.0,13.0,3.0,A,C,A,B,A,C,B,A,A,C,CAA,ACAA,BACAA,0,4,2,B
7,B,2.0,1.0,13.0,A,A,C,A,B,A,C,B,A,A,AAB,CAAB,ACAAB,1,0,3,A
2,A,7.0,2.0,1.0,B,A,A,C,A,B,A,C,B,A,ABA,AABA,CAABA,0,1,4,A
3,A,2.0,7.0,2.0,A,B,A,A,C,A,B,A,C,B,BAA,ABAA,AABAA,0,2,5,C
12,C,3.0,2.0,7.0,A,A,B,A,A,C,A,B,A,C,AAC,BAAC,ABAAC,1,3,0,A
2,A,12.0,3.0,2.0,C,A,A,B,A,A,C,A,B,A,ACA,AACA,BAACA,0,4,1,A
2,A,2.0,12.0,3.0,A,C,A,A,B,A,A,C,A,B,CAA,ACAA,AACAA,0,5,2,C
13,C,2.0,2.0,12.0,A,A,C,A,A,B,A,A,C,A,AAC,CAAC,ACAAC,1,6,0,B
9,B,13.0,2.0,2.0,C,A,A,C,A,A,B,A,A,C,ACB,AACB,CAACB,2,0,1,A
1,A,9.0,13.0,2.0,B,C,A,A,C,A,A,B,A,A,CBA,ACBA,AACBA,0,1,2,A
6,A,1.0,9.0,13.0,A,B,C,A,A,C,A,A,B,A,BAA,CBAA,ACBAA,0,2,3,A
5,A,6.0,1.0,9.0,A,A,B,C,A,A,C,A,A,B,AAA,BAAA,CBAAA,0,3,4,C
13,C,5.0,6.0,1.0,A,A,A,B,C,A,A,C,A,A,AAC,AAAC,BAAAC,1,4,0,B
10,B,13.0,5.0,6.0,C,A,A,A,B,C,A,A,C,A,ACB,AACB,AAACB,2,0,1,A
3,A,10.0,13.0,5.0,B,C,A,A,A,B,C,A,A,C,CBA,ACBA,AACBA,0,1,2,A
6,A,3.0,10.0,13.0,A,B,C,A,A,A,B,C,A,A,BAA,CBAA,ACBAA,0,2,3,A
6,A,6.0,3.0,10.0,A,A,B,C,A,A,A,B,C,A,AAA,BAAA,CBAAA,0,3,4,A
4,A,6.0,6.0,3.0,A,A,A,B,C,A,A,A,B,C,AAA,AAAA,BAAAA,0,4,5,B
7,B,4.0,6.0,6.0,A,A,A,A,B,C,A,A,A,B,AAB,AAAB,AAAAB,1,0,6,A
3,A,7.0,4.0,6.0,B,A,A,A,A,B,C,A,A,A,ABA,AABA,AAABA,0,1,7,B
7,B,3.0,7.0,4.0,A,B,A,A,A,A,B,C,A,A,BAB,ABAB,AABAB,1,0,8,A
5,A,7.0,3.0,7.0,B,A,B,A,A,A,A,B,C,A,ABA,BABA,ABABA,0,1,9,B
10,B,5.0,7.0,3.0,A,B,A,B,A,A,A,A,B,C,BAB,ABAB,BABAB,1,0,10,A
1,A,10.0,5.0,7.0,B,A,B,A,B,A,A,A,A,B,ABA,BABA,ABABA,0,1,11,A
4,A,1.0,10.0,5.0,A,B,A,B,A,B,A,A,A,A,BAA,ABAA,BABAA,0,2,12,A
2,A,4.0,1.0,10.0,A,A,B,A,B,A,B,A,A,A,AAA,BAAA,ABAAA,0,3,13,A
4,A,2.0,4.0,1.0,A,A,A,B,A,B,A,B,A,A,AAA,AAAA,BAAAA,0,4,14,A
4,A,4.0,2.0,4.0,A,A,A,A,B,A,B,A,B,A,AAA,AAAA,AAAAA,0,5,15,C
13,C,4.0,4.0,2.0,A,A,A,A,A,B,A,B,A,B,AAC,AAAC,AAAAC,1,6,0,A
2,A,13.0,4.0,4.0,C,A,A,A,A,A,B,A,B,A,ACA,AACA,AAACA,0,7,1,B
8,B,2.0,13.0,4.0,A,C,A,A,A,A,A,B,A,B,CAB,ACAB,AACAB,1,0,2,C
11,C,8.0,2.0,13.0,B,A,C,A,A,A,A,A,B,A,ABC,CABC,ACABC,2,1,0,C
12,C,11.0,8.0,2.0,C,B,A,C,A,A,A,A,A,B,BCC,ABCC,CABCC,3,2,0,B
8,B,12.0,11.0,8.0,C,C,B,A,C,A,A,A,A,A,CCB,BCCB,ABCCB,4,0,1,B
9,B,8.0,12.0,11.0,B,C,C,B,A,C,A,A,A,A,CBB,CCBB,BCCBB,5,0,2,A
1,A,9.0,8.0,12.0,B,B,C,C,B,A,C,A,A,A,BBA,CBBA,CCBBA,0,1,3,B
10,B,1.0,9.0,8.0,A,B,B,C,C,B,A,C,A,A,BAB,BBAB,CBBAB,1,0,4,B
8,B,10.0,1.0,9.0,B,A,B,B,C,C,B,A,C,A,ABB,BABB,BBABB,2,0,5,A
1,A,8.0,10.0,1.0,B,B,A,B,B,C,C,B,A,C,BBA,ABBA,BABBA,0,1,6,A
1,A,1.0,8.0,10.0,A,B,B,A,B,B,C,C,B,A,BAA,BBAA,ABBAA,0,2,7,C
11,C,1.0,1.0,8.0,A,A,B,B,A,B,B,C,C,B,AAC,BAAC,BBAAC,1,3,0,B
7,B,11.0,1.0,1.0,C,A,A,B,B,A,B,B,C,C,ACB,AACB,BAACB,2,0,1,A
4,A,7.0,11.0,1.0,B,C,A,A,B,B,A,B,B,C,CBA,ACBA,AACBA,0,1,2,A
4,A,4.0,7.0,11.0,A,B,C,A,A,B,B,A,B,B,BAA,CBAA,ACBAA,0,2,3,B
7,B,4.0,4.0,7.0,A,A,B,C,A,A,B,B,A,B,AAB,BAAB,CBAAB,1,0,4,A
2,A,7.0,4.0,4.0,B,A,A,B,C,A,A,B,B,A,ABA,AABA,BAABA,0,1,5,A
6,A,2.0,7.0,4.0,A,B,A,A,B,C,A,A,B,B,BAA,ABAA,AABAA,0,2,6,A
5,A,6.0,2.0,7.0,A,A,B,A,A,B,C,A,A,B,AAA,BAAA,ABAAA,0,3,7,B
9,B,5.0,6.0,2.0,A,A,A,B,A,A,B,C,A,A,AAB,AAAB,BAAAB,1,0,8,B
9,B,9.0,5.0,6.0,B,A,A,A,B,A,A,B,C,A,ABB,AABB,AAABB,2,0,9,C
11,C,9.0,9.0,5.0,B,B,A,A,A,B,A,A,B,C,BBC,ABBC,AABBC,3,1,0,A
1,A,11.0,9.0,9.0,C,B,B,A,A,A,B,A,A,B,BCA,BBCA,ABBCA,0,2,1,A
4,A,1.0,11.0,9.0,A,C,B,B,A,A,A,B,A,A,CAA,BCAA,BBCAA,0,3,2,B
9,B,4.0,1.0,11.0,A,A,C,B,B,A,A,A,B,A,AAB,CAAB,BCAAB,1,0,3,C
11,C,9.0,4.0,1.0,B,A,A,C,B,B,A,A,A,B,ABC,AABC,CAABC,2,1,0,B
10,B,11.0,9.0,4.0,C,B,A,A,C,B,B,A,A,A,BCB,ABCB,AABCB,3,0,1,C
13,C,10.0,11.0,9.0,B,C,B,A,A,C,B,B,A,A,CBC,BCBC,ABCBC,4,1,0,A
1,A,13.0,10.0,11.0,C,B,C,B,A,A,C,B,B,A,BCA,CBCA,BCBCA,0,2,1,B
7,B,1.0,13.0,10.0,A,C,B,C,B,A,A,C,B,B,CAB,BCAB,CBCAB,1,0,2,A
2,A,7.0,1.0,13.0,B,A,C,B,C,B,A,A,C,B,ABA,CABA,BCABA,0,1,3,A
1,A,2.0,7.0,1.0,A,B,A,C,B,C,B,A,A,C,BAA,ABAA,CABAA,0,2,4,A
4,A,1.0,2.0,7.0,A,A,B,A,C,B,C,B,A,A,AAA,BAAA,ABAAA,0,3,5,B
10,B,4.0,1.0,2.0,A,A,A,B,A,C,B,C,B,A,AAB,AAAB,BAAAB,1,0,6,C
13,C,10.0,4.0,1.0,B,A,A,A,B,A,C,B,C,B,ABC,AABC,AAABC,2,1,0,A
4,A,13.0,10.0,4.0,C,B,A,A,A,B,A,C,B,C,BCA,ABCA,AABCA,0,2,1,B
10,B,4.0,13.0,10.0,A,C,B,A,A,A,B,A,C,B,CAB,BCAB,ABCAB,1,0,2,B
10,B,10.0,4.0,13.0,B,A,C,B,A,A,A,B,A,C,ABB,CABB,BCABB,2,0,3,B
10,B,10.0,10.0,4.0,B,B,A,C,B,A,A,A,B,A,BBB,ABBB,CABBB,3,0,4,A
6,A,10.0,10.0,10.0,B,B,B,A,C,B,A,A,A,B,BBA,BBBA,ABBBA,0,1,5,B
9,B,6.0,10.0,10.0,A,B,B,B,A,C,B,A,A,A,BAB,BBAB,BBBAB,1,0,6,A
3,A,9.0,6.0,10.0,B,A,B,B,B,A,C,B,A,A,ABA,BABA,BBABA,0,1,7,C
13,C,3.0,9.0,6.0,A,B,A,B,B,B,A,C,B,A,BAC,ABAC,BABAC,1,2,0,C
13,C,13.0,3.0,9.0,C,A,B,A,B,B,B,A,C,B,ACC,BACC,ABACC,2,3,0,A
5,A,13.0,13.0,3.0,C,C,A,B,A,B,B,B,A,C,CCA,ACCA,BACCA,0,4,1,B
10,B,5.0,13.0,13.0,A,C,C,A,B,A,B,B,B,A,CAB,CCAB,ACCAB,1,0,2,A
4,A,10.0,5.0,13.0,B,A,C,C,A,B,A,B,B,B,ABA,CABA,CCABA,0,1,3,A
6,A,4.0,10.0,5.0,A,B,A,C,C,A,B,A,B,B,BAA,ABAA,CABAA,0,2,4,B
7,B,6.0,4.0,10.0,A,A,B,A,C,C,A,B,A,B,AAB,BAAB,ABAAB,1,0,5,A
2,A,7.0,6.0,4.0,B,A,A,B,A,C,C,A,B,A,ABA,AABA,BAABA,0,1,6,C
12,C,2.0,7.0,6.0,A,B,A,A,B,A,C,C,A,B,BAC,ABAC,AABAC,1,2,0,A
6,A,12.0,2.0,7.0,C,A,B,A,A,B,A,C,C,A,ACA,BACA,ABACA,0,3,1,C
11,C,6.0,12.0,2.0,A,C,A,B,A,A,B,A,C,C,CAC,ACAC,BACAC,1,4,0,A
4,A,11.0,6.0,12.0,C,A,C,A,B,A,A,B,A,C,ACA,CACA,ACACA,0,5,1,A
5,A,4.0,11.0,6.0,A,C,A,C,A,B,A,A,B,A,CAA,ACAA,CACAA,0,6,2,A
6,A,5.0,4.0,11.0,A,A,C,A,C,A,B,A,A,B,AAA,CAAA,ACAAA,0,7,3,B
7,B,6.0,5.0,4.0,A,A,A,C,A,C,A,B,A,A,AAB,AAAB,CAAAB,1,0,4,A
2,A,7.0,6.0,5.0,B,A,A,A,C,A,C,A,B,A,ABA,AABA,AAABA,0,1,5,B
9,B,2.0,7.0,6.0,A,B,A,A,A,C,A,C,A,B,BAB,ABAB,AABAB,1,0,6,C
11,C,9.0,2.0,7.0,B,A,B,A,A,A,C,A,C,A,ABC,BABC,ABABC,2,1,0,A
2,A,11.0,9.0,2.0,C,B,A,B,A,A,A,C,A,C,BCA,ABCA,BABCA,0,2,1,C
12,C,2.0,11.0,9.0,A,C,B,A,B,A,A,A,C,A,CAC,BCAC,ABCAC,1,3,0,B
10,B,12.0,2.0,11.0,C,A,C,B,A,B,A,A,A,C,ACB,CACB,BCACB,2,0,1,B
8,B,10.0,12.0,2.0,B,C,A,C,B,A,B,A,A,A,CBB,ACBB,CACBB,3,0,2,B
8,B,8.0,10.0,12.0,B,B,C,A,C,B,A,B,A,A,BBB,CBBB,ACBBB,4,0,3,A
3,A,8.0,8.0,10.0,B,B,B,C,A,C,B,A,B,A,BBA,BBBA,CBBBA,0,1,4,A
6,A,3.0,8.0,8.0,A,B,B,B,C,A,C,B,A,B,BAA,BBAA,BBBAA,0,2,5,C
11,C,6.0,3.0,8.0,A,A,B,B,B,C,A,C,B,A,AAC,BAAC,BBAAC,1,3,0,C
11,C,11.0,6.0,3.0,C,A,A,B,B,B,C,A,C,B,ACC,AACC,BAACC,2,4,0,C
11,C,11.0,11.0,6.0,C,C,A,A,B,B,B,C,A,C,CCC,ACCC,AACCC,3,5,0,A
4,A,11.0,11.0,11.0,C,C,C,A,A,B,B,B,C,A,CCA,CCCA,ACCCA,0,6,1,B
7,B,4.0,11.0,11.0,A,C,C,C,A,A,B,B,B,C,CAB,CCAB,CCCAB,1,0,2,C
13,C,7.0,4.0,11.0,B,A,C,C,C,A,A,B,B,B,ABC,CABC,CCABC,2,1,0,B
8,B,13.0,7.0,4.0,C,B,A,C,C,C,A,A,B,B,BCB,ABCB,CABCB,3,0,1,C
11,C,8.0,13.0,7.0,B,C,B,A,C,C,C,A,A,B,CBC,BCBC,ABCBC,4,1,0,C
11,C,11.0,8.0,13.0,C,B,C,B,A,C,C,C,A,A,BCC,CBCC,BCBCC,5,2,0,A
6,A,11.0,11.0,8.0,C,C,B,C,B,A,C,C,C,A,CCA,BCCA,CBCCA,0,3,1,C
12,C,6.0,11.0,11.0,A,C,C,B,C,B,A,C,C,C,CAC,CCAC,BCCAC,1,4,0,B
8,B,12.0,6.0,11.0,C,A,C,C,B,C,B,A,C,C,ACB,CACB,CCACB,2,0,1,A
3,A,8.0,12.0,6.0,B,C,A,C,C,B,C,B,A,C,CBA,ACBA,CACBA,0,1,2,A
3,A,3.0,8.0,12.0,A,B,C,A,C,C,B,C,B,A,BAA,CBAA,ACBAA,0,2,3,C
13,C,3.0,3.0,8.0,A,A,B,C,A,C,C,B,C,B,AAC,BAAC,CBAAC,1,3,0,A
2,A,13.0,3.0,3.0,C,A,A,B,C,A,C,C,B,C,ACA,AACA,BAACA,0,4,1,C
12,C,2.0,13.0,3.0,A,C,A,A,B,C,A,C,C,B,CAC,ACAC,AACAC,1,5,0,A
2,A,12.0,2.0,13.0,C,A,C,A,A,B,C,A,C,C,ACA,CACA,ACACA,0,6,1,A
2,A,2.0,12.0,2.0,A,C,A,C,A,A,B,C,A,C,CAA,ACAA,CACAA,0,7,2,A
5,A,2.0,2.0,12.0,A,A,C,A,C,A,A,B,C,A,AAA,CAAA,ACAAA,0,8,3,A
2,A,5.0,2.0,2.0,A,A,A,C,A,C,A,A,B,C,AAA,AAAA,CAAAA,0,9,4,B
8,B,2.0,5.0,2.0,A,A,A,A,C,A,C,A,A,B,AAB,AAAB,AAAAB,1,0,5,C
11,C,8.0,2.0,5.0,B,A,A,A,A,C,A,C,A,A,ABC,AABC,AAABC,2,1,0,B
10,B,11.0,8.0,2.0,C,B,A,A,A,A,C,A,C,A,BCB,ABCB,AABCB,3,0,1,A
4,A,10.0,11.0,8.0,B,C,B,A,A,A,A,C,A,C,CBA,BCBA,ABCBA,0,1,2,A
5,A,4.0,10.0,11.0,A,B,C,B,A,A,A,A,C,A,BAA,CBAA,BCBAA,0,2,3,C
12,C,5.0,4.0,10.0,A,A,B,C,B,A,A,A,A,C,AAC,BAAC,CBAAC,1,3,0,A
5,A,12.0,5.0,4.0,C,A,A,B,C,B,A,A,A,A,ACA,AACA,BAACA,0,4,1,B
10,B,5.0,12.0,5.0,A,C,A,A,B,C,B,A,A,A,CAB,ACAB,AACAB,1,0,2,A
4,A,10.0,5.0,12.0,B,A,C,A,A,B,C,B,A,A,ABA,CABA,ACABA,0,1,3,B
9,B,4.0,10.0,5.0,A,B,A,C,A,A,B,C,B,A,BAB,ABAB,CABAB,1,0,4,B
9,B,9.0,4.0,10.0,B,A,B,A,C,A,A,B,C,B,ABB,BABB,ABABB,2,0,5,C
13,C,9.0,9.0,4.0,B,B,A,B,A,C,A,A,B,C,BBC,ABBC,BABBC,3,1,0,B
9,B,13.0,9.0,9.0,C,B,B,A,B,A,C,A,A,B,BCB,BBCB,ABBCB,4,0,1,C
12,C,9.0,13.0,9.0,B,C,B,B,A,B,A,C,A,A,CBC,BCBC,BBCBC,5,1,0,A
4,A,12.0,9.0,13.0,C,B,C,B,B,A,B,A,C,A,BCA,CBCA,BCBCA,0,2,1,A
3,A,4.0,12.0,9.0,A,C,B,C,B,B,A,B,A,C,CAA,BCAA,CBCAA,0,3,2,C
11,C,3.0,4.0,12.0,A,A,C,B,C,B,B,A,B,A,AAC,CAAC,BCAAC,1,4,0,A
2,A,11.0,3.0,4.0,C,A,A,C,B,C,B,B,A,B,ACA,AACA,CAACA,0,5,1,C
11,C,2.0,11.0,3.0,A,C,A,A,C,B,C,B,B,A,CAC,ACAC,AACAC,1,6,0,C
12,C,11.0,2.0,11.0,C,A,C,A,A,C,B,C,B,B,ACC,CACC,ACACC,2,7,0,A
4,A,12.0,11.0,2.0,C,C,A,C,A,A,C,B,C,B,CCA,ACCA,CACCA,0,8,1,A
2,A,4.0,12.0,11.0,A,C,C,A,C,A,A,C,B,C,CAA,CCAA,ACCAA,0,9,2,A
6,A,2.0,4.0,12.0,A,A,C,C,A,C,A,A,C,B,AAA,CAAA,CCAAA,0,10,3,C
13,C,6.0,2.0,4.0,A,A,A,C,C,A,C,A,A,C,AAC,AAAC,CAAAC,1,11,0,C
13,C,13.0,6.0,2.0,C,A,A,A,C,C,A,C,A,A,ACC,AACC,AAACC,2,12,0,A
3,A,13.0,13.0,6.0,C,C,A,A,A,C,C,A,C,A,CCA,ACCA,AACCA,0,13,1,A
1,A,3.0,13.0,13.0,A,C,C,A,A,A,C,C,A,C,CAA,CCAA,ACCAA,0,14,2,C
12,C,1.0,3.0,13.0,A,A,C,C,A,A,A,C,C,A,AAC,CAAC,CCAAC,1,15,0,C
13,C,12.0,1.0,3.0,C,A,A,C,C,A,A,A,C,C,ACC,AACC,CAACC,2,16,0,A
3,A,13.0,12.0,1.0,C,C,A,A,C,C,A,A,A,C,CCA,ACCA,AACCA,0,17,1,C
12,C,3.0,13.0,12.0,A,C,C,A,A,C,C,A,A,A,CAC,CCAC,ACCAC,1,18,0,A
4,A,12.0,3.0,13.0,C,A,C,C,A,A,C,C,A,A,ACA,CACA,CCACA,0,19,1,A
1,A,4.0,12.0,3.0,A,C,A,C,C,A,A,C,C,A,CAA,ACAA,CACAA,0,20,2,C
12,C,1.0,4.0,12.0,A,A,C,A,C,C,A,A,C,C,AAC,CAAC,ACAAC,1,21,0,A
2,A,12.0,1.0,4.0,C,A,A,C,A,C,C,A,A,C,ACA,AACA,CAACA,0,22,1,A
1,A,2.0,12.0,1.0,A,C,A,A,C,A,C,C,A,A,CAA,ACAA,AACAA,0,23,2,A
1,A,1.0,2.0,12.0,A,A,C,A,A,C,A,C,C,A,AAA,CAAA,ACAAA,0,24,3,A
3,A,1.0,1.0,2.0,A,A,A,C,A,A,C,A,C,C,AAA,AAAA,CAAAA,0,25,4,A
4,A,3.0,1.0,1.0,A,A,A,A,C,A,A,C,A,C,AAA,AAAA,AAAAA,0,26,5,A
4,A,4.0,3.0,1.0,A,A,A,A,A,C,A,A,C,A,AAA,AAAA,AAAAA,0,27,6,B
9,B,4.0,4.0,3.0,A,A,A,A,A,A,C,A,A,C,AAB,AAAB,AAAAB,1,0,7,B
9,B,9.0,4.0,4.0,B,A,A,A,A,A,A,C,A,A,ABB,AABB,AAABB,2,0,8,B
8,B,9.0,9.0,4.0,B,B,A,A,A,A,A,A,C,A,BBB,ABBB,AABBB,3,0,9,B
10,B,8.0,9.0,9.0,B,B,B,A,A,A,A,A,A,C,BBB,BBBB,ABBBB,4,0,10,C
11,C,10.0,8.0,9.0,B,B,B,B,A,A,A,A,A,A,BBC,BBBC,BBBBC,5,1,0,C
11,C,11.0,10.0,8.0,C,B,B,B,B,A,A,A,A,A,BCC,BBCC,BBBCC,6,2,0,A
6,A,11.0,11.0,10.0,C,C,B,B,B,B,A,A,A,A,CCA,BCCA,BBCCA,0,3,1,A
2,A,6.0,11.0,11.0,A,C,C,B,B,B,B,A,A,A,CAA,CCAA,BCCAA,0,4,2,A
2,A,2.0,6.0,11.0,A,A,C,C,B,B,B,B,A,A,AAA,CAAA,CCAAA,0,5,3,B
9,B,2.0,2.0,6.0,A,A,A,C,C,B,B,B,B,A,AAB,AAAB,CAAAB,1,0,4,A
4,A,9.0,2.0,2.0,B,A,A,A,C,C,B,B,B,B,ABA,AABA,AAABA,0,1,5,B
10,B,4.0,9.0,2.0,A,B,A,A,A,C,C,B,B,B,BAB,ABAB,AABAB,1,0,6,B
9,B,10.0,4.0,9.0,B,A,B,A,A,A,C,C,B,B,ABB,BABB,ABABB,2,0,7,A
1,A,9.0,10.0,4.0,B,B,A,B,A,A,A,C,C,B,BBA,ABBA,BABBA,0,1,8,B
8,B,1.0,9.0,10.0,A,B,B,A,B,A,A,A,C,C,BAB,BBAB,ABBAB,1,0,9,A
2,A,8.0,1.0,9.0,B,A,B,B,A,B,A,A,A,C,ABA,BABA,BBABA,0,1,10,B
10,B,2.0,8.0,1.0,A,B,A,B,B,A,B,A,A,A,BAB,ABAB,BABAB,1,0,11,C
13,C,10.0,2.0,8.0,B,A,B,A,B,B,A,B,A,A,ABC,BABC,ABABC,2,1,0,B
8,B,13.0,10.0,2.0,C,B,A,B,A,B,B,A,B,A,BCB,ABCB,BABCB,3,0,1,C
12,C,8.0,13.0,10.0,B,C,B,A,B,A,B,B,A,B,CBC,BCBC,ABCBC,4,1,0,0
